summary_type,summary_title,comment_count_used,summary
overall_feedback,Overall Samsung User Feedback Summary,31082,"**1. Short overview**
The sampled comments suggest that Samsung users have mixed opinions about the company's products, with some expressing satisfaction and others criticizing certain features or decisions. The comments cover various topics, including comparisons between real and fake Samsung products, the removal of features like Bluetooth from the S-Pen, and the value for money of Samsung devices.

**2. Main user concerns or opinions**
Users are concerned about the removal of features, the high cost of Samsung products, and the perceived lack of innovation. Some users appreciate the value for money offered by Samsung devices, while others feel that the company is not doing enough to justify the premium prices. There are also comments about the quality of fake Samsung products and their surprising functionality.

**3. Sentiment pattern**
The sentiment pattern is mixed, with 64% of comments having a positive sentiment, 26% having a negative sentiment, and 10% being neutral. The positive comments often praise the value for money, features, or design of Samsung products, while the negative comments criticize the removal of features, high prices, or perceived lack of innovation.

**4. Key product issues mentioned**
Key product issues mentioned include:
* Removal of Bluetooth from the S-Pen
* High cost of Samsung products
* Perceived lack of innovation
* Quality and functionality of fake Samsung products
* Comparison between real and fake Samsung products

**5. One report-ready insight**
One key insight from the comments is that Samsung users value features and innovation, and the removal of features like Bluetooth from the S-Pen can be a significant disappointment for some users. This suggests that Samsung should prioritize feature retention and innovation to maintain customer satisfaction and loyalty."
negative_feedback,Negative Feedback Summary,7454,"**1. Short Overview**
The sampled comments suggest that users are expressing negative sentiments towards Samsung's recent products and updates. The comments are from various YouTube videos reviewing and comparing Samsung phones, including the Galaxy S25 Ultra and other models.

**2. Main User Concerns or Opinions**
Users are disappointed with the removal of features such as Bluetooth functionality from the S-Pen, lack of significant upgrades, and the introduction of AI features that they do not find useful. Some users also express frustration with the company's pricing strategy, feeling that they are being ""nickel and dimed"" for features that should be included.

**3. Sentiment Pattern**
The overall sentiment of the comments is overwhelmingly negative, with users expressing disappointment, frustration, and anger towards Samsung's decisions. There are no positive sentiments expressed in the sampled comments.

**4. Key Product Issues Mentioned**
Key product issues mentioned include:
* Removal of Bluetooth functionality from the S-Pen
* Lack of significant upgrades in new models
* Introduction of AI features that users do not find useful
* Pricing strategy and perceived lack of value for money
* Removal of features such as headphone jacks and memory card slots

**5. One Report-Ready Insight**
One key insight from the sampled comments is that Samsung's decision to remove features such as Bluetooth functionality from the S-Pen and introduce AI features that users do not find useful may be alienating loyal customers, with some users expressing a desire to switch to other brands or stick with older models. This suggests that Samsung may need to re-evaluate its product development strategy to better meet the needs and expectations of its customer base."
positive_feedback,Positive Feedback Summary,14769,"**1. Short overview**
The sampled comments suggest that users have mixed opinions about Samsung's latest phone releases, with some expressing enthusiasm and others criticizing the removal of certain features. The comments cover various topics, including the S-Pen, camera, battery, and value for money.

**2. Main user concerns or opinions**
Users are concerned about the removal of features such as the S-Pen's Bluetooth connectivity and the lack of innovation in Samsung's latest releases. Some users appreciate the value for money offered by Samsung's phones, while others feel that the company is prioritizing profits over creating great products.

**3. Sentiment pattern**
The sentiment pattern is predominantly positive, with users expressing appreciation for Samsung's products and features. However, some comments also convey a sense of disappointment and frustration with the company's decisions.

**4. Key product issues mentioned**
Key product issues mentioned include the removal of the S-Pen's Bluetooth connectivity, the lack of innovation in Samsung's latest releases, and the high price of the phones. Some users also mention the importance of features such as the headphone jack and the need for better battery life.

**5. One report-ready insight**
One report-ready insight is that Samsung's decision to remove certain features, such as the S-Pen's Bluetooth connectivity, may be perceived as a downgrade by some users, potentially affecting their purchasing decisions and loyalty to the brand. This suggests that Samsung should carefully consider the impact of such decisions on their customer base and prioritize features that are highly valued by users."
issue_Battery / Charging,Battery / Charging Summary,1950,"**Battery / Charging Summary**

1. **Short overview**: The sampled comments suggest that users have mixed opinions about Samsung's recent phone releases, particularly regarding battery and charging features. Some users express satisfaction with the current battery life, while others desire improvements such as longer battery life, faster charging, or the inclusion of a charger in the box.

2. **Main user concerns or opinions**: Users are concerned about the removal of features like the headphone jack, micro SD card slot, and S-Pen Bluetooth connectivity. Some users feel that Samsung is not innovating enough and is instead focusing on AI features that they do not find useful. Others are disappointed with the lack of significant upgrades in battery capacity and charging speeds.

3. **Sentiment pattern**: The sentiment pattern is mixed, with 23 positive, 15 negative, and 2 neutral comments. However, some comments with positive sentiment express disappointment or frustration with certain aspects of Samsung's phones, indicating that the overall sentiment may be more negative than the numbers suggest.

4. **Key product issues mentioned**: Key product issues mentioned include:
* Battery life and capacity
* Charging speeds
* Removal of features like headphone jack, micro SD card slot, and S-Pen Bluetooth connectivity
* Lack of significant upgrades in battery and charging technology
* Inclusion of a charger in the box

5. **One report-ready insight**: One insight that can be gleaned from these comments is that Samsung's focus on AI features and removal of traditional features may not be aligning with the needs and expectations of its power user customer base, potentially leading to dissatisfaction and a willingness to consider alternative phone brands."
issue_AI / Gemini,AI / Gemini Summary,4269,"**1. Short overview**
The sampled comments suggest that users have mixed opinions about Samsung's Galaxy series, particularly with regards to the integration of AI (Gemini) and the removal of certain features such as Bluetooth from the S-Pen. Users are discussing the pros and cons of the new devices, comparing them to previous models and other brands.

**2. Main user concerns or opinions**
Main user concerns include the removal of Bluetooth from the S-Pen, the perceived lack of innovation in new models, and the prioritization of AI features over other aspects of the phone. Some users are also discussing the value for money, with some feeling that the new devices are not worth the cost.

**3. Sentiment pattern**
The sentiment pattern is mixed, with 57% of comments being positive, 29% negative, and 14% neutral. Positive comments often focus on the potential of AI features, while negative comments express disappointment with the removal of certain features or the perceived lack of innovation.

**4. Key product issues mentioned**
Key product issues mentioned include:
* Removal of Bluetooth from the S-Pen
* Perceived lack of innovation in new models
* Prioritization of AI features over other aspects of the phone
* Value for money
* Comparison to other brands, such as Apple

**5. One report-ready insight**
One insight that can be drawn from these comments is that while some users are excited about the potential of AI features in Samsung's Galaxy series, others are disappointed by the removal of certain features and the perceived lack of innovation in new models, highlighting the need for Samsung to balance innovation with user expectations and needs."
issue_S-Pen / Features,S-Pen / Features Summary,2978,"**1. Short overview**
The sampled comments suggest that users are discussing the removal of Bluetooth functionality from the S-Pen feature in Samsung's latest phone models, particularly the Galaxy S25 Ultra and Galaxy Z Fold7. Users are sharing their opinions on the importance of the S-Pen feature and its removal.

**2. Main user concerns or opinions**
Users are concerned about the removal of the Bluetooth S-Pen feature, with some considering it a major downgrade. Many users feel that the S-Pen is an essential feature, especially for tasks like remote shutter release. Some users are loyal to Samsung because of the S-Pen feature and are considering switching to other brands if it is removed entirely.

**3. Sentiment pattern**
The sentiment pattern is mixed, with both positive and negative sentiments expressed. However, the majority of comments express a negative sentiment towards the removal of the Bluetooth S-Pen feature. Some users are understanding of the decision, but many are disappointed and feel that it is a significant loss of functionality.

**4. Key product issues mentioned**
Key product issues mentioned include:
* Removal of Bluetooth S-Pen feature
* Lack of S-Pen support in Galaxy Z Fold7
* Importance of S-Pen for tasks like remote shutter release
* Comparison with other phone models and brands
* Value for money and cost-cutting measures

**5. One report-ready insight**
One key insight from the comments is that the removal of the Bluetooth S-Pen feature may lead to a loss of customer loyalty, with some users considering switching to other brands if the feature is not reinstated. This suggests that Samsung should carefully consider the impact of removing key features on customer satisfaction and loyalty."
issue_Camera,Camera Summary,2821,"**1. Short overview**
The sampled comments suggest that users have mixed opinions about the Samsung Galaxy S25 Ultra's camera features. While some users praise the camera quality and new features, others express disappointment with the removal of the Bluetooth functionality from the S-Pen, which was used as a remote shutter button.

**2. Main user concerns or opinions**
Main user concerns include the removal of the Bluetooth functionality from the S-Pen, the lack of innovation in the new model, and the comparison with Apple's iPhone features. Some users also appreciate the camera quality, new features like live translation, and the overall design of the phone.

**3. Sentiment pattern**
The sentiment pattern is predominantly positive (67%), with some negative (21%) and neutral (12%) comments. The positive comments focus on the camera quality, new features, and the overall design of the phone. The negative comments express disappointment with the removal of the Bluetooth functionality from the S-Pen and the lack of innovation in the new model.

**4. Key product issues mentioned**
Key product issues mentioned include:
* Removal of Bluetooth functionality from the S-Pen
* Lack of innovation in the new model
* Comparison with Apple's iPhone features
* Camera quality and new features like live translation

**5. One report-ready insight**
One report-ready insight is that the removal of the Bluetooth functionality from the S-Pen is a significant concern for users who rely on it as a remote shutter button, and Samsung may need to reconsider this design decision to meet the needs of its target audience."
issue_Display / Screen,Display / Screen Summary,1191,"**1. Short overview**
The sampled comments suggest that users have mixed opinions about the display and screen features of Samsung's Galaxy series, particularly the S25 and S26 Ultra models. Some users praise the new privacy display feature, while others express concerns about the curved display, screen protectors, and the usefulness of certain features.

**2. Main user concerns or opinions**
Users are discussing the pros and cons of the new privacy display feature, with some finding it useful for public transport and others considering it a gimmick. Some users also express dissatisfaction with curved displays, citing accidental touches and cracking issues. Additionally, users are comparing the effectiveness of built-in privacy features versus using screen protectors.

**3. Sentiment pattern**
The sentiment pattern is mixed, with 23 positive comments, 17 negative comments, and 10 neutral comments. While some users are enthusiastic about the new features, others are skeptical or disappointed with certain aspects of the display and screen.

**4. Key product issues mentioned**
Key product issues mentioned include:
* Curved display problems (accidental touches, cracking)
* Effectiveness of built-in privacy features versus screen protectors
* Usefulness of the new privacy display feature
* Comparison with other brands (e.g., Apple)
* Screen protector issues (darkness, inconvenience)

**5. One report-ready insight**
One insight that can be reported is that while some users appreciate the new privacy display feature, there is a notable segment of users who are skeptical about its usefulness or prefer using screen protectors, suggesting that Samsung may need to refine or improve this feature to meet user expectations."
issue_Price / Value,Price / Value Summary,2474,"**1. Short overview**
The sampled comments suggest that users have mixed opinions about the price and value of Samsung phones, with some finding them worth the investment and others feeling that they are overpriced or not innovative enough.

**2. Main user concerns or opinions**
Users are concerned about the cost of Samsung phones, with some feeling that they are not worth the upgrade or that the price is too high. Others are satisfied with their purchase and feel that the phone's features and quality justify the cost. Some users also compare Samsung phones to iPhones and other brands, discussing the value and innovation of each.

**3. Sentiment pattern**
The sentiment pattern is mixed, with 34 comments having a positive sentiment, 23 comments having a neutral sentiment, and 13 comments having a negative sentiment. The positive comments often focus on the phone's features, quality, and value, while the negative comments tend to criticize the price, lack of innovation, or removal of certain features.

**4. Key product issues mentioned**
Key product issues mentioned include the price, innovation, removal of features such as the headphone jack and SD card slot, and the comparison to other brands such as iPhones.

**5. One report-ready insight**
One report-ready insight is that while some users are willing to pay a premium for Samsung phones due to their perceived quality and features, others are deterred by the high price and feel that the company is not innovating enough to justify the cost, suggesting that Samsung may need to re-evaluate its pricing strategy and focus on delivering value to its customers."
issue_Software / One UI,Software / One UI Summary,1061,"**1. Short overview**
The sampled comments suggest that users have varied opinions about Samsung's software and One UI, with discussions ranging from comparisons with Apple to the features and updates of Samsung's Galaxy series.

**2. Main user concerns or opinions**
Users have expressed opinions on the upgrade cycle, yearly phone changes, and comparisons between Samsung and Apple. Some users have praised Samsung's software updates, while others have criticized the lack of innovation and the similarity to Apple's features.

**3. Sentiment pattern**
The sentiment pattern is mixed, with 23 positive comments, 21 neutral comments, and 6 negative comments. The positive comments often express satisfaction with Samsung's software updates and features, while the negative comments criticize the lack of innovation and the similarity to Apple's features.

**4. Key product issues mentioned**
Key product issues mentioned include the need for more innovative features, the similarity to Apple's features, and the lack of certain features such as multiple user support. Some users have also criticized the removal of certain features, such as the S-Pen's Bluetooth functionality.

**5. One report-ready insight**
One insight that can be gleaned from these comments is that Samsung users value software updates and innovative features, but may be disappointed if these updates are not significant or if they are similar to features already offered by competitors like Apple. This suggests that Samsung should prioritize innovation and differentiation in its software updates to maintain user satisfaction and loyalty."
