retrieval_rank,video_id,video_title,channel_title,video_published_at,video_view_count,video_like_count,video_comment_count,video_description,video_tags,comment_id,parent_comment_id,comment_type,author,comment_text,like_count,reply_count,comment_published_at,comment_updated_at,is_public,original_comment,clean_comment,emoji_count,emoji_sentiment_score,comment_length,word_count,text_negative,text_neutral,text_positive,text_sentiment_score,final_sentiment_score,sentiment_label,language,issue_category,classification_method,category_confidence,topic_id,topic_confidence,topic_name,rag_text,similarity_score,engagement_score,category_relevance_score,lexical_relevance_score,sentiment_relevance_score,intent_penalty_score,weighted_retrieval_score,query,bge_reranker_raw_score,bge_reranker_score,bge_reranker_relevance_label
1,a4NJNdHqs_I,Samsung Galaxy S25 Ultra Review: The Tables Have Turned!,Marques Brownlee,2025-02-05T22:18:18Z,5877632,158154,12519,"Part review part rant. It's still a good phone though.

Get the Samsung Galaxy S25 Ultra at BestBuy in-store or online at https://bit.ly/4h8mjiy

MKBHD Merch: http://shop.MKBHD.com

The Ridge x MKBHD Knife: https://geni.us/YP4ED

Playlist of MKBHD Intro music: https://goo.gl/B3AWV5

Phone provided by Samsung for review.

~
http://twitter.com/MKBHD
http://instagram.com/MKBHD
http://facebook.com/MKBHD","S25 Ultra, Galaxy S25, Galaxy S25 Ultra, S25 Ultra vs, MKBHD, S25 Ultra Review",UgwxdZovKmTCzGmmtCR4AaABAg,,top_level,@covre4420,Samsung's battery life is abysmal. They need to quickly introduce silicon-carbon batteries and increase capacity.,1,0,2025-11-13 16:44:12+00:00,2025-11-13T16:44:12Z,True,Samsung's battery life is abysmal. They need to quickly introduce silicon-carbon batteries and increase capacity.,samsung's battery life is abysmal. they need to quickly introduce silicon carbon batteries and increase capacity.,0,0.0,113,16,0.0,0.867,0.133,0.318,0.255,positive,en,Battery / Charging,keyword,1.0,1,0.903,"AI, Battery, Camera and Feature Discussion","Comment: samsung's battery life is abysmal. they need to quickly introduce silicon carbon batteries and increase capacity. Issue Category: Battery / Charging Sentiment: positive Topic: AI, Battery, Camera and Feature Discussion Video: Samsung Galaxy S25 Ultra Review: The Tables Have Turned!",0.718,0.061,0.65,1.0,0.5,0.0,0.706,What are users saying about Samsung battery life?,0.019444402,0.019444402307271957,1
2,a4NJNdHqs_I,Samsung Galaxy S25 Ultra Review: The Tables Have Turned!,Marques Brownlee,2025-02-05T22:18:18Z,5877632,158154,12519,"Part review part rant. It's still a good phone though.

Get the Samsung Galaxy S25 Ultra at BestBuy in-store or online at https://bit.ly/4h8mjiy

MKBHD Merch: http://shop.MKBHD.com

The Ridge x MKBHD Knife: https://geni.us/YP4ED

Playlist of MKBHD Intro music: https://goo.gl/B3AWV5

Phone provided by Samsung for review.

~
http://twitter.com/MKBHD
http://instagram.com/MKBHD
http://facebook.com/MKBHD","S25 Ultra, Galaxy S25, Galaxy S25 Ultra, S25 Ultra vs, MKBHD, S25 Ultra Review",UgzON8Ux_i9KlR2_VKl4AaABAg,,top_level,@pritishpatil7659,"Aiming for 1 day battery life since 10 years, is pathetic.

My watch, trimmer, toothbrush etc all last for multiple days to weeks.

Is 2 day battery life in a phone too much to ask for? And yeah a charger in the box! Which is fast. Selling charger seperately for a 1300$ phone is disgusting.",0,0,2025-02-06 07:53:04+00:00,2025-02-06T07:53:04Z,True,"Aiming for 1 day battery life since 10 years, is pathetic.

My watch, trimmer, toothbrush etc all last for multiple days to weeks.

Is 2 day battery life in a phone too much to ask for? And yeah a charger in the box! Which is fast. Selling charger seperately for a 1300$ phone is disgusting.","aiming for 1 day battery life since 10 years, is pathetic. my watch, trimmer, toothbrush etc all last for multiple days to weeks. is 2 day battery life in a phone too much to ask for? and yeah a charger in the box! which is fast. selling charger seperately for a 1300 phone is disgusting.",0,0.0,288,55,0.12,0.844,0.036,-0.734,-0.588,negative,en,Battery / Charging,keyword,1.0,1,0.528,"AI, Battery, Camera and Feature Discussion","Comment: aiming for 1 day battery life since 10 years, is pathetic. my watch, trimmer, toothbrush etc all last for multiple days to weeks. is 2 day battery life in a phone too much to ask for? and yeah a charger in the box! which is fast. selling charger seperately for a 1300 phone is disgusting. Issue Category: Battery / Charging Sentiment: negative Topic: AI, Battery, Camera and Feature Discussion Video: Samsung Galaxy S25 Ultra Review: The Tables Have Turned!",0.662,0.0,0.65,1.0,0.5,0.0,0.672,What are users saying about Samsung battery life?,0.0023842212,0.0023842211812734604,0
3,a4NJNdHqs_I,Samsung Galaxy S25 Ultra Review: The Tables Have Turned!,Marques Brownlee,2025-02-05T22:18:18Z,5877632,158154,12519,"Part review part rant. It's still a good phone though.

Get the Samsung Galaxy S25 Ultra at BestBuy in-store or online at https://bit.ly/4h8mjiy

MKBHD Merch: http://shop.MKBHD.com

The Ridge x MKBHD Knife: https://geni.us/YP4ED

Playlist of MKBHD Intro music: https://goo.gl/B3AWV5

Phone provided by Samsung for review.

~
http://twitter.com/MKBHD
http://instagram.com/MKBHD
http://facebook.com/MKBHD","S25 Ultra, Galaxy S25, Galaxy S25 Ultra, S25 Ultra vs, MKBHD, S25 Ultra Review",Ugyvgu5hKavhuyq6yHl4AaABAg.AEC23tbhoNRAECDM3B0gvz,Ugyvgu5hKavhuyq6yHl4AaABAg,reply,@doja5321,Typical old phone user with 2 hour battery life bragging their phone is still better. 😂😂😂,85,0,2025-02-06 11:34:12+00:00,2025-02-06T11:34:12Z,True,Typical old phone user with 2 hour battery life bragging their phone is still better. 😂😂😂,typical old phone user with 2 hour battery life bragging their phone is still better.,3,0.3,85,15,0.0,0.828,0.172,0.44,0.412,positive,en,Battery / Charging,keyword,1.0,6,0.367,Upgrade Cycle / Yearly Phone Changes,Comment: typical old phone user with 2 hour battery life bragging their phone is still better. Issue Category: Battery / Charging Sentiment: positive Topic: Upgrade Cycle / Yearly Phone Changes Video: Samsung Galaxy S25 Ultra Review: The Tables Have Turned!,0.69,0.39,0.65,0.75,0.5,0.0,0.67,What are users saying about Samsung battery life?,0.000496798,0.0004967980203218758,0
4,a4NJNdHqs_I,Samsung Galaxy S25 Ultra Review: The Tables Have Turned!,Marques Brownlee,2025-02-05T22:18:18Z,5877632,158154,12519,"Part review part rant. It's still a good phone though.

Get the Samsung Galaxy S25 Ultra at BestBuy in-store or online at https://bit.ly/4h8mjiy

MKBHD Merch: http://shop.MKBHD.com

The Ridge x MKBHD Knife: https://geni.us/YP4ED

Playlist of MKBHD Intro music: https://goo.gl/B3AWV5

Phone provided by Samsung for review.

~
http://twitter.com/MKBHD
http://instagram.com/MKBHD
http://facebook.com/MKBHD","S25 Ultra, Galaxy S25, Galaxy S25 Ultra, S25 Ultra vs, MKBHD, S25 Ultra Review",UgyPVRNv8qUCF8r_Ret4AaABAg,,top_level,@mohamedfayed8013,"we need less is more and quality over quantity to come back .
1 inch sensor instead of 4 zoom cameras no body uses except youtubers .
7000 mAh battery like redmagic 10 .
1080p 120hz 1000 nits efficient oled screen .
fast charger in the box .
256 gb as base model plus sd card slot .
headphone jack .
efficient  SOC not the best .
people are complaining about battery life not zoom cameras .
about storage not s pen .
about headphone jack and dongle life for high end headphone or cheap air line headphones .
companies are trying to make phones for youtubers not everyday people .",0,0,2025-02-06 00:05:19+00:00,2025-02-06T00:05:19Z,True,"we need less is more and quality over quantity to come back .
1 inch sensor instead of 4 zoom cameras no body uses except youtubers .
7000 mAh battery like redmagic 10 .
1080p 120hz 1000 nits efficient oled screen .
fast charger in the box .
256 gb as base model plus sd card slot .
headphone jack .
efficient  SOC not the best .
people are complaining about battery life not zoom cameras .
about storage not s pen .
about headphone jack and dongle life for high end headphone or cheap air line headphones .
companies are trying to make phones for youtubers not everyday people .",we need less is more and quality over quantity to come back . 1 inch sensor instead of 4 zoom cameras no body uses except youtubers . 7000 mah battery like redmagic 10 . 1080p 120hz 1000 nits efficient oled screen . fast charger in the box . 256 gb as base model plus sd card slot . headphone jack . efficient soc not the best . people are complaining about battery life not zoom cameras . about storage not s pen . about headphone jack and dongle life for high end headphone or cheap air line headphones . companies are trying to make phones for youtubers not everyday people .,0,0.0,578,111,0.061,0.872,0.067,0.186,0.149,positive,en,Battery / Charging,keyword,1.0,3,0.425,Buying Decision / Value Discussion,Comment: we need less is more and quality over quantity to come back . 1 inch sensor instead of 4 zoom cameras no body uses except youtubers . 7000 mah battery like redmagic 10 . 1080p 120hz 1000 nits efficient oled screen . fast charger in the box . 256 gb as base model plus sd card slot . headphone jack . efficient soc not the best . people are complaining about battery life not zoom cameras . about storage not s pen . about headphone jack and dongle life for high end headphone or cheap air line headphones . companies are trying to make phones for youtubers not everyday people . Issue Category: Battery / Charging Sentiment: positive Topic: Buying Decision / Value Discussion Video: Samsung Galaxy S25 Ultra Review: The Tables Have Turned!,0.655,0.0,0.65,1.0,0.5,0.0,0.668,What are users saying about Samsung battery life?,0.0004035854,0.0004035854071844369,0
5,vkBQW8NZk9k,"$70 vs $1,200 Samsung!",Mrwhosetheboss,2023-05-14T13:01:39Z,40457597,1964597,5052,"#Samsung #realvsfake #fake #technology #shorts 

I spend a LOT of time trying to make my videos as concise, polished and useful as possible for you - if you would like to support me on that mission then consider subscribing to the channel - you'd make my day 😁

For my tech hot takes: http://twitter.com/Mrwhosetheboss
For my Personal Posts: http://instagram.com/mrwhosetheboss
Does anyone still use this anymore?: https://facebook.com/mrwhosetheboss

Amazon Affiliate links (if you buy anything through these it will support the channel and allow us to buy better gear!):
Amazon US: https://amzn.to/3mFix9d
Amazon UK: https://amzn.to/3GMPPtM

My Filming Gear:
https://bit.ly/35CuxwI

Music is from Epidemic sound:
http://share.epidemicsound.com/pHDFT","samsung, tech, shorts",UgyRXAz5fyJHozlIpsB4AaABAg.9px0L4f6Ak39sDbIddMnU9,UgyRXAz5fyJHozlIpsB4AaABAg,reply,@bencastellucci8823,@baby333 they release updates meant for the newest phones and they can either sacrifice running quality or battery life on the old ones,0,0,2023-07-16 08:29:21+00:00,2024-06-12T21:30:16Z,True,@baby333 they release updates meant for the newest phones and they can either sacrifice running quality or battery life on the old ones,they release updates meant for the newest phones and they can either sacrifice running quality or battery life on the old ones,0,0.0,126,22,0.0,1.0,0.0,0.0,0.0,neutral,en,Battery / Charging,keyword,1.0,1,0.476,"AI, Battery, Camera and Feature Discussion","Comment: they release updates meant for the newest phones and they can either sacrifice running quality or battery life on the old ones Issue Category: Battery / Charging Sentiment: neutral Topic: AI, Battery, Camera and Feature Discussion Video: $70 vs $1,200 Samsung!",0.704,0.0,0.65,0.75,0.5,0.0,0.666,What are users saying about Samsung battery life?,0.0020305736,0.0020305735524743795,0
1,a4NJNdHqs_I,Samsung Galaxy S25 Ultra Review: The Tables Have Turned!,Marques Brownlee,2025-02-05T22:18:18Z,5877632,158154,12519,"Part review part rant. It's still a good phone though.

Get the Samsung Galaxy S25 Ultra at BestBuy in-store or online at https://bit.ly/4h8mjiy

MKBHD Merch: http://shop.MKBHD.com

The Ridge x MKBHD Knife: https://geni.us/YP4ED

Playlist of MKBHD Intro music: https://goo.gl/B3AWV5

Phone provided by Samsung for review.

~
http://twitter.com/MKBHD
http://instagram.com/MKBHD
http://facebook.com/MKBHD","S25 Ultra, Galaxy S25, Galaxy S25 Ultra, S25 Ultra vs, MKBHD, S25 Ultra Review",Ugx5oTn2Z2dEDukFA3d4AaABAg,,top_level,@acewalker,If they are just going to remove the features of the S-Pen while also not inventing nice features or gestures for the S-Pen then they should have stuck to the S20/S21 Ultra design and keep their note line. Why even bring back the S-Pen at all?????????,0,0,2025-02-06 02:27:25+00:00,2025-02-06T02:27:25Z,True,If they are just going to remove the features of the S-Pen while also not inventing nice features or gestures for the S-Pen then they should have stuck to the S20/S21 Ultra design and keep their note line. Why even bring back the S-Pen at all?????????,if they are just going to remove the features of the s pen while also not inventing nice features or gestures for the s pen then they should have stuck to the s20 s21 ultra design and keep their note line. why even bring back the s pen at all?????????,0,0.0,251,50,0.099,0.901,0.0,-0.648,-0.518,negative,en,S-Pen / Features,keyword,1.0,5,0.592,S-Pen / Bluetooth Removal,Comment: if they are just going to remove the features of the s pen while also not inventing nice features or gestures for the s pen then they should have stuck to the s20 s21 ultra design and keep their note line. why even bring back the s pen at all????????? Issue Category: S-Pen / Features Sentiment: negative Topic: S-Pen / Bluetooth Removal Video: Samsung Galaxy S25 Ultra Review: The Tables Have Turned!,0.714,0.0,0.65,1.0,1.0,0.0,0.727,Why are users unhappy about the S-Pen?,0.046505973,0.04650597274303436,1
2,2HhrudHXaDs,Introducing Galaxy Z Fold7 | Galaxy AI | Samsung,Samsung,2025-07-09T15:27:09Z,40946263,5777,773,"Introducing the all-new Galaxy Z Fold7. Ultra sleek and ultra powerful, ready to make your everyday more productive and effortless. Learn more: http://smsng.co/ZFold7_Intro_yt

00:00 Intro
00:36 Design
01:10 Hardware
01:45 Battery
02:11 Now Brief
02:24 Gemini Live
02:58 Camera
03:20 ProVisual Engine
03:41 Audio Eraser
03:48 Photo Assist

Q: What's special about the Galaxy Z Fold7's design?
A: Galaxy Z Fold7 features a sleeker, lighter design—just 4.2 mm when open and 8.9 mm when folded. Weighing 215 g, it's the thinnest Galaxy Z Fold yet.

#GalaxyAI #GalaxyZFold7 #camera #UltraSleek #Samsung","audio eraser, camera, galaxy ai, galaxy unpacked 2025, galaxy z fold design, galaxy z fold7, gemini live samsung, new samsung fold phone, samsung, samsung fold camera, samsung foldable, samsung galaxy, samsung galaxy z fold now bar, samsung galaxy z fold photo assist, samsung galaxy z fold7 gemini live, samsung galaxy z fold7 official video, samsung latest mobile, samsung mobile, samsung z fold7, z fold 7 battery life, z fold 7 features, z fold7 ai, AI Phone",Ugy89xMVC0yrLDtk1Ep4AaABAg,,top_level,@jumbo2254,Still a red flag to me without the S pen.. what is the point having a tablet with no S pen..,2,0,2025-07-10 00:37:22+00:00,2025-07-10T00:37:22Z,True,Still a red flag to me without the S pen.. what is the point having a tablet with no S pen..,still a red flag to me without the s pen.. what is the point having a tablet with no s pen..,0,0.0,92,21,0.099,0.901,0.0,-0.296,-0.237,negative,en,S-Pen / Features,keyword,1.0,5,0.825,S-Pen / Bluetooth Removal,Comment: still a red flag to me without the s pen.. what is the point having a tablet with no s pen.. Issue Category: S-Pen / Features Sentiment: negative Topic: S-Pen / Bluetooth Removal Video: Introducing Galaxy Z Fold7 | Galaxy AI | Samsung,0.743,0.096,0.65,0.75,1.0,0.0,0.717,Why are users unhappy about the S-Pen?,0.0059766234,0.005976623389869928,0
3,2HhrudHXaDs,Introducing Galaxy Z Fold7 | Galaxy AI | Samsung,Samsung,2025-07-09T15:27:09Z,40946263,5777,773,"Introducing the all-new Galaxy Z Fold7. Ultra sleek and ultra powerful, ready to make your everyday more productive and effortless. Learn more: http://smsng.co/ZFold7_Intro_yt

00:00 Intro
00:36 Design
01:10 Hardware
01:45 Battery
02:11 Now Brief
02:24 Gemini Live
02:58 Camera
03:20 ProVisual Engine
03:41 Audio Eraser
03:48 Photo Assist

Q: What's special about the Galaxy Z Fold7's design?
A: Galaxy Z Fold7 features a sleeker, lighter design—just 4.2 mm when open and 8.9 mm when folded. Weighing 215 g, it's the thinnest Galaxy Z Fold yet.

#GalaxyAI #GalaxyZFold7 #camera #UltraSleek #Samsung","audio eraser, camera, galaxy ai, galaxy unpacked 2025, galaxy z fold design, galaxy z fold7, gemini live samsung, new samsung fold phone, samsung, samsung fold camera, samsung foldable, samsung galaxy, samsung galaxy z fold now bar, samsung galaxy z fold photo assist, samsung galaxy z fold7 gemini live, samsung galaxy z fold7 official video, samsung latest mobile, samsung mobile, samsung z fold7, z fold 7 battery life, z fold 7 features, z fold7 ai, AI Phone",UgwgmPp35zxGxmHsPpd4AaABAg,,top_level,@deepakberwal007,"I think due to way too slim fold they removed S pen coz that may gonna make structure weak , So they took durability intothe account rather than giving S pen as additional feature.",0,0,2025-07-10 09:52:34+00:00,2025-07-10T09:52:34Z,True,"I think due to way too slim fold they removed S pen coz that may gonna make structure weak , So they took durability intothe account rather than giving S pen as additional feature.","i think due to way too slim fold they removed s pen coz that may gonna make structure weak , so they took durability intothe account rather than giving s pen as additional feature.",0,0.0,180,34,0.078,0.858,0.064,-0.128,-0.102,negative,en,S-Pen / Features,keyword,1.0,5,0.696,S-Pen / Bluetooth Removal,"Comment: i think due to way too slim fold they removed s pen coz that may gonna make structure weak , so they took durability intothe account rather than giving s pen as additional feature. Issue Category: S-Pen / Features Sentiment: negative Topic: S-Pen / Bluetooth Removal Video: Introducing Galaxy Z Fold7 | Galaxy AI | Samsung",0.693,0.0,0.65,1.0,1.0,0.0,0.715,Why are users unhappy about the S-Pen?,0.02818619,0.028186190873384476,1
4,2HhrudHXaDs,Introducing Galaxy Z Fold7 | Galaxy AI | Samsung,Samsung,2025-07-09T15:27:09Z,40946263,5777,773,"Introducing the all-new Galaxy Z Fold7. Ultra sleek and ultra powerful, ready to make your everyday more productive and effortless. Learn more: http://smsng.co/ZFold7_Intro_yt

00:00 Intro
00:36 Design
01:10 Hardware
01:45 Battery
02:11 Now Brief
02:24 Gemini Live
02:58 Camera
03:20 ProVisual Engine
03:41 Audio Eraser
03:48 Photo Assist

Q: What's special about the Galaxy Z Fold7's design?
A: Galaxy Z Fold7 features a sleeker, lighter design—just 4.2 mm when open and 8.9 mm when folded. Weighing 215 g, it's the thinnest Galaxy Z Fold yet.

#GalaxyAI #GalaxyZFold7 #camera #UltraSleek #Samsung","audio eraser, camera, galaxy ai, galaxy unpacked 2025, galaxy z fold design, galaxy z fold7, gemini live samsung, new samsung fold phone, samsung, samsung fold camera, samsung foldable, samsung galaxy, samsung galaxy z fold now bar, samsung galaxy z fold photo assist, samsung galaxy z fold7 gemini live, samsung galaxy z fold7 official video, samsung latest mobile, samsung mobile, samsung z fold7, z fold 7 battery life, z fold 7 features, z fold7 ai, AI Phone",UgxDUmR4vzCs42fMx9t4AaABAg,,top_level,@HIELALALA,Do you guys even use the S-pen or looking for a reason to hate?,2,1,2025-07-10 00:09:54+00:00,2025-07-10T00:09:54Z,True,Do you guys even use the S-pen or looking for a reason to hate?,do you guys even use the s pen or looking for a reason to hate?,0,0.0,63,15,0.209,0.791,0.0,-0.572,-0.458,negative,en,S-Pen / Features,keyword,1.0,5,0.669,S-Pen / Bluetooth Removal,Comment: do you guys even use the s pen or looking for a reason to hate? Issue Category: S-Pen / Features Sentiment: negative Topic: S-Pen / Bluetooth Removal Video: Introducing Galaxy Z Fold7 | Galaxy AI | Samsung,0.736,0.121,0.65,0.75,1.0,0.0,0.713,Why are users unhappy about the S-Pen?,0.9856512,0.9856511950492859,1
5,a4NJNdHqs_I,Samsung Galaxy S25 Ultra Review: The Tables Have Turned!,Marques Brownlee,2025-02-05T22:18:18Z,5877632,158154,12519,"Part review part rant. It's still a good phone though.

Get the Samsung Galaxy S25 Ultra at BestBuy in-store or online at https://bit.ly/4h8mjiy

MKBHD Merch: http://shop.MKBHD.com

The Ridge x MKBHD Knife: https://geni.us/YP4ED

Playlist of MKBHD Intro music: https://goo.gl/B3AWV5

Phone provided by Samsung for review.

~
http://twitter.com/MKBHD
http://instagram.com/MKBHD
http://facebook.com/MKBHD","S25 Ultra, Galaxy S25, Galaxy S25 Ultra, S25 Ultra vs, MKBHD, S25 Ultra Review",UgxlI9IzttUVaCo3Toh4AaABAg,,top_level,@muhammadsyazwan5580,Is it is a sign that in future Samsung will finally remove s pen because they start remove little by little the feature to cutting cost ?😅,0,0,2025-02-06 09:08:48+00:00,2025-02-06T09:08:48Z,True,Is it is a sign that in future Samsung will finally remove s pen because they start remove little by little the feature to cutting cost ?😅,is it is a sign that in future samsung will finally remove s pen because they start remove little by little the feature to cutting cost ?,1,0.1,137,27,0.055,0.945,0.0,-0.128,-0.082,negative,en,S-Pen / Features,keyword,1.0,5,0.584,S-Pen / Bluetooth Removal,Comment: is it is a sign that in future samsung will finally remove s pen because they start remove little by little the feature to cutting cost ? Issue Category: S-Pen / Features Sentiment: negative Topic: S-Pen / Bluetooth Removal Video: Samsung Galaxy S25 Ultra Review: The Tables Have Turned!,0.686,0.0,0.65,1.0,1.0,0.0,0.711,Why are users unhappy about the S-Pen?,0.32578206,0.32578206062316895,1
1,3i1OB6wKYms,Introducing Galaxy S25 Ultra | Galaxy AI | Samsung,Samsung,2025-01-22T19:09:42Z,191059320,103311,7943,"This is the official Galaxy S25 Ultra introduction film. All-new Galaxy S25 Ultra, a true AI companion that combines great intelligence and power to open up your world—making everything more personalized and intuitive than ever before. Learn more: http://smsng.co/Introducing_S25Ultra_yt

00:00 Introducing Galaxy S25 Ultra
00:12 Processor: Snapdragon® 8 Elite for Galaxy
00:30 All-new One UI 7: Built for AI
00:53 Seamless actions across apps: Get things done without having to switch between various apps
01:53 Circle to Search: AI Overviews
02:04 Gemini Live: Conversational AI
02:22 Circle to Search: Music search
02:38 Now Bar and Now Brief: Personalized briefings
03:01 Call Transcript: Call summary and keywords
03:22 Design: Curved edges for a unified design
03:35 Display: ProScaler for clearer viewing experience
03:53 Performance: Heat dissipation architecture
04:21 Camera: Next generation ProVisual Engine
05:01 Audio Eraser: Filter out unwanted background noise from videos

Q: What makes the Galaxy S25 Ultra's processor special?
A: It's a customized processor designed exclusively for Galaxy, delivering peak performance in speed, efficiency, and AI tasks.
Q: What's new in the Galaxy S25 Ultra's camera?
A: It has an all-new 50 MP ultra wide lens, along with telephoto lens. And it still has the 200 MP wide lens everyone loves! It’s all powered by the next generation ProVisual Engine and enhanced AI, so you can take more natural Portraits and clearer Nightography than ever.
Q: Can I change the apps in Now Bar?
A: Yes. While widgets may be limited or hidden behind gestures, Now Bar is always accessible and purpose-built for quick actions.

#GalaxyAI #GalaxyS25Ultra #GalaxyS25","AI features, AI phones, Galaxy AI, S25, S25 Phones, S25 ai, S25 features, S25 plus, S25 ultra, Samsung event, Samsung galaxy unpacked, Samsung unpacked, Unpacked, galaxt, galaxy, galaxy S25 plus, galaxy S25 ultra, galaxy phones, galaxy unpacked, galaxy unpacked 2025, new galaxy phone, new samsung galaxy, samsung, samsung S25 galaxy S25, samsung S25 plus, samsung S25 ultra, samsung galaxt, samsung galaxy, samsung galaxy phones, samsung latest mobile, AI Phone",UgzfA7vSfppNxdJ7WUB4AaABAg,,top_level,@Mr.J_Aruba,"I just wish Samsung used Google apps instead of their own. Gmail is better, Google chrome is better, Google Calendar is better. And both can work together for the best experience. Gemini is better integrated into all Google apps anyway.",0,0,2025-01-24 00:16:09+00:00,2025-01-24T00:16:09Z,True,"I just wish Samsung used Google apps instead of their own. Gmail is better, Google chrome is better, Google Calendar is better. And both can work together for the best experience. Gemini is better integrated into all Google apps anyway.","i just wish samsung used google apps instead of their own. gmail is better, google chrome is better, google calendar is better. and both can work together for the best experience. gemini is better integrated into all google apps anyway.",0,0.0,236,40,0.0,0.648,0.352,0.955,0.764,positive,en,AI / Gemini,keyword,1.0,1,0.592,"AI, Battery, Camera and Feature Discussion","Comment: i just wish samsung used google apps instead of their own. gmail is better, google chrome is better, google calendar is better. and both can work together for the best experience. gemini is better integrated into all google apps anyway. Issue Category: AI / Gemini Sentiment: positive Topic: AI, Battery, Camera and Feature Discussion Video: Introducing Galaxy S25 Ultra | Galaxy AI | Samsung",0.719,0.0,0.65,1.0,0.5,0.0,0.705,What do users think about Galaxy AI and Gemini?,0.012265804,0.012265804223716259,1
2,3i1OB6wKYms,Introducing Galaxy S25 Ultra | Galaxy AI | Samsung,Samsung,2025-01-22T19:09:42Z,191059320,103311,7943,"This is the official Galaxy S25 Ultra introduction film. All-new Galaxy S25 Ultra, a true AI companion that combines great intelligence and power to open up your world—making everything more personalized and intuitive than ever before. Learn more: http://smsng.co/Introducing_S25Ultra_yt

00:00 Introducing Galaxy S25 Ultra
00:12 Processor: Snapdragon® 8 Elite for Galaxy
00:30 All-new One UI 7: Built for AI
00:53 Seamless actions across apps: Get things done without having to switch between various apps
01:53 Circle to Search: AI Overviews
02:04 Gemini Live: Conversational AI
02:22 Circle to Search: Music search
02:38 Now Bar and Now Brief: Personalized briefings
03:01 Call Transcript: Call summary and keywords
03:22 Design: Curved edges for a unified design
03:35 Display: ProScaler for clearer viewing experience
03:53 Performance: Heat dissipation architecture
04:21 Camera: Next generation ProVisual Engine
05:01 Audio Eraser: Filter out unwanted background noise from videos

Q: What makes the Galaxy S25 Ultra's processor special?
A: It's a customized processor designed exclusively for Galaxy, delivering peak performance in speed, efficiency, and AI tasks.
Q: What's new in the Galaxy S25 Ultra's camera?
A: It has an all-new 50 MP ultra wide lens, along with telephoto lens. And it still has the 200 MP wide lens everyone loves! It’s all powered by the next generation ProVisual Engine and enhanced AI, so you can take more natural Portraits and clearer Nightography than ever.
Q: Can I change the apps in Now Bar?
A: Yes. While widgets may be limited or hidden behind gestures, Now Bar is always accessible and purpose-built for quick actions.

#GalaxyAI #GalaxyS25Ultra #GalaxyS25","AI features, AI phones, Galaxy AI, S25, S25 Phones, S25 ai, S25 features, S25 plus, S25 ultra, Samsung event, Samsung galaxy unpacked, Samsung unpacked, Unpacked, galaxt, galaxy, galaxy S25 plus, galaxy S25 ultra, galaxy phones, galaxy unpacked, galaxy unpacked 2025, new galaxy phone, new samsung galaxy, samsung, samsung S25 galaxy S25, samsung S25 plus, samsung S25 ultra, samsung galaxt, samsung galaxy, samsung galaxy phones, samsung latest mobile, AI Phone",Ugzh1XjiT6GsUizSVDp4AaABAg.ADbux1fjhH4ADcGiEOn8N5,Ugzh1XjiT6GsUizSVDp4AaABAg,reply,@aunghkantpaing729,"Actually the new one UI integrates more with Gemini AI which makes it Galaxy AI. It might be more seamless and more functional to others Gemini AI features in others brand since the UI/UX is different and it got a great performance chip (Snap 8 Elite for Galaxy) which is optimized purely for this phone so it can handle massive amounts of data and complex commands. And as I understand, they have removed their own Bixby and they just base Gemini and make it more better with their twist.",2,0,2025-01-23 03:11:40+00:00,2025-01-23T03:11:40Z,True,"Actually the new one UI integrates more with Gemini AI which makes it Galaxy AI. It might be more seamless and more functional to others Gemini AI features in others brand since the UI/UX is different and it got a great performance chip (Snap 8 Elite for Galaxy) which is optimized purely for this phone so it can handle massive amounts of data and complex commands. And as I understand, they have removed their own Bixby and they just base Gemini and make it more better with their twist.","actually the new one ui integrates more with gemini ai which makes it galaxy ai. it might be more seamless and more functional to others gemini ai features in others brand since the ui ux is different and it got a great performance chip snap 8 elite for galaxy which is optimized purely for this phone so it can handle massive amounts of data and complex commands. and as i understand, they have removed their own bixby and they just base gemini and make it more better with their twist.",0,0.0,487,90,0.0,0.894,0.106,0.883,0.707,positive,en,AI / Gemini,keyword,1.0,1,0.448,"AI, Battery, Camera and Feature Discussion","Comment: actually the new one ui integrates more with gemini ai which makes it galaxy ai. it might be more seamless and more functional to others gemini ai features in others brand since the ui ux is different and it got a great performance chip snap 8 elite for galaxy which is optimized purely for this phone so it can handle massive amounts of data and complex commands. and as i understand, they have removed their own bixby and they just base gemini and make it more better with their twist. Issue Category: AI / Gemini Sentiment: positive Topic: AI, Battery, Camera and Feature Discussion Video: Introducing Galaxy S25 Ultra | Galaxy AI | Samsung",0.709,0.096,0.65,1.0,0.5,0.0,0.702,What do users think about Galaxy AI and Gemini?,0.66154313,0.6615431308746338,1
3,3i1OB6wKYms,Introducing Galaxy S25 Ultra | Galaxy AI | Samsung,Samsung,2025-01-22T19:09:42Z,191059320,103311,7943,"This is the official Galaxy S25 Ultra introduction film. All-new Galaxy S25 Ultra, a true AI companion that combines great intelligence and power to open up your world—making everything more personalized and intuitive than ever before. Learn more: http://smsng.co/Introducing_S25Ultra_yt

00:00 Introducing Galaxy S25 Ultra
00:12 Processor: Snapdragon® 8 Elite for Galaxy
00:30 All-new One UI 7: Built for AI
00:53 Seamless actions across apps: Get things done without having to switch between various apps
01:53 Circle to Search: AI Overviews
02:04 Gemini Live: Conversational AI
02:22 Circle to Search: Music search
02:38 Now Bar and Now Brief: Personalized briefings
03:01 Call Transcript: Call summary and keywords
03:22 Design: Curved edges for a unified design
03:35 Display: ProScaler for clearer viewing experience
03:53 Performance: Heat dissipation architecture
04:21 Camera: Next generation ProVisual Engine
05:01 Audio Eraser: Filter out unwanted background noise from videos

Q: What makes the Galaxy S25 Ultra's processor special?
A: It's a customized processor designed exclusively for Galaxy, delivering peak performance in speed, efficiency, and AI tasks.
Q: What's new in the Galaxy S25 Ultra's camera?
A: It has an all-new 50 MP ultra wide lens, along with telephoto lens. And it still has the 200 MP wide lens everyone loves! It’s all powered by the next generation ProVisual Engine and enhanced AI, so you can take more natural Portraits and clearer Nightography than ever.
Q: Can I change the apps in Now Bar?
A: Yes. While widgets may be limited or hidden behind gestures, Now Bar is always accessible and purpose-built for quick actions.

#GalaxyAI #GalaxyS25Ultra #GalaxyS25","AI features, AI phones, Galaxy AI, S25, S25 Phones, S25 ai, S25 features, S25 plus, S25 ultra, Samsung event, Samsung galaxy unpacked, Samsung unpacked, Unpacked, galaxt, galaxy, galaxy S25 plus, galaxy S25 ultra, galaxy phones, galaxy unpacked, galaxy unpacked 2025, new galaxy phone, new samsung galaxy, samsung, samsung S25 galaxy S25, samsung S25 plus, samsung S25 ultra, samsung galaxt, samsung galaxy, samsung galaxy phones, samsung latest mobile, AI Phone",UgwfQIm3ZCj30P7-Sdx4AaABAg,,top_level,@memestrous,We don't care about gemini or AI assistants. No one uses them lol.,0,1,2025-01-23 09:57:44+00:00,2025-01-23T09:57:44Z,True,We don't care about gemini or AI assistants. No one uses them lol.,we don't care about gemini or ai assistants. no one uses them lol.,0,0.0,66,13,0.274,0.567,0.159,-0.256,-0.205,negative,en,AI / Gemini,keyword,1.0,3,0.518,Buying Decision / Value Discussion,Comment: we don't care about gemini or ai assistants. no one uses them lol. Issue Category: AI / Gemini Sentiment: negative Topic: Buying Decision / Value Discussion Video: Introducing Galaxy S25 Ultra | Galaxy AI | Samsung,0.74,0.061,0.65,0.75,0.5,0.0,0.689,What do users think about Galaxy AI and Gemini?,0.0004603632,0.000460363196907565,0
4,3i1OB6wKYms,Introducing Galaxy S25 Ultra | Galaxy AI | Samsung,Samsung,2025-01-22T19:09:42Z,191059320,103311,7943,"This is the official Galaxy S25 Ultra introduction film. All-new Galaxy S25 Ultra, a true AI companion that combines great intelligence and power to open up your world—making everything more personalized and intuitive than ever before. Learn more: http://smsng.co/Introducing_S25Ultra_yt

00:00 Introducing Galaxy S25 Ultra
00:12 Processor: Snapdragon® 8 Elite for Galaxy
00:30 All-new One UI 7: Built for AI
00:53 Seamless actions across apps: Get things done without having to switch between various apps
01:53 Circle to Search: AI Overviews
02:04 Gemini Live: Conversational AI
02:22 Circle to Search: Music search
02:38 Now Bar and Now Brief: Personalized briefings
03:01 Call Transcript: Call summary and keywords
03:22 Design: Curved edges for a unified design
03:35 Display: ProScaler for clearer viewing experience
03:53 Performance: Heat dissipation architecture
04:21 Camera: Next generation ProVisual Engine
05:01 Audio Eraser: Filter out unwanted background noise from videos

Q: What makes the Galaxy S25 Ultra's processor special?
A: It's a customized processor designed exclusively for Galaxy, delivering peak performance in speed, efficiency, and AI tasks.
Q: What's new in the Galaxy S25 Ultra's camera?
A: It has an all-new 50 MP ultra wide lens, along with telephoto lens. And it still has the 200 MP wide lens everyone loves! It’s all powered by the next generation ProVisual Engine and enhanced AI, so you can take more natural Portraits and clearer Nightography than ever.
Q: Can I change the apps in Now Bar?
A: Yes. While widgets may be limited or hidden behind gestures, Now Bar is always accessible and purpose-built for quick actions.

#GalaxyAI #GalaxyS25Ultra #GalaxyS25","AI features, AI phones, Galaxy AI, S25, S25 Phones, S25 ai, S25 features, S25 plus, S25 ultra, Samsung event, Samsung galaxy unpacked, Samsung unpacked, Unpacked, galaxt, galaxy, galaxy S25 plus, galaxy S25 ultra, galaxy phones, galaxy unpacked, galaxy unpacked 2025, new galaxy phone, new samsung galaxy, samsung, samsung S25 galaxy S25, samsung S25 plus, samsung S25 ultra, samsung galaxt, samsung galaxy, samsung galaxy phones, samsung latest mobile, AI Phone",UgzU0hDdHNVJZ_EdjeR4AaABAg,,top_level,@TamFishe,"i still think gemini is a google flop like many of the services they've experimented with in the past. still rocking my a25, waiting for the oneui 7 samsung...
also disappointed about unpacked 2025.",0,0,2025-01-22 22:41:07+00:00,2025-01-22T22:41:07Z,True,"i still think gemini is a google flop like many of the services they've experimented with in the past. still rocking my a25, waiting for the oneui 7 samsung...
also disappointed about unpacked 2025.","i still think gemini is a google flop like many of the services they've experimented with in the past. still rocking my a25, waiting for the oneui 7 samsung... also disappointed about unpacked 2025.",0,0.0,198,34,0.141,0.795,0.064,-0.459,-0.367,negative,en,AI / Gemini,keyword,1.0,0,0.51,General Samsung / Apple Discussion,"Comment: i still think gemini is a google flop like many of the services they've experimented with in the past. still rocking my a25, waiting for the oneui 7 samsung... also disappointed about unpacked 2025. Issue Category: AI / Gemini Sentiment: negative Topic: General Samsung / Apple Discussion Video: Introducing Galaxy S25 Ultra | Galaxy AI | Samsung",0.691,0.0,0.65,1.0,0.5,0.0,0.689,What do users think about Galaxy AI and Gemini?,0.28336832,0.283368319272995,1
5,3i1OB6wKYms,Introducing Galaxy S25 Ultra | Galaxy AI | Samsung,Samsung,2025-01-22T19:09:42Z,191059320,103311,7943,"This is the official Galaxy S25 Ultra introduction film. All-new Galaxy S25 Ultra, a true AI companion that combines great intelligence and power to open up your world—making everything more personalized and intuitive than ever before. Learn more: http://smsng.co/Introducing_S25Ultra_yt

00:00 Introducing Galaxy S25 Ultra
00:12 Processor: Snapdragon® 8 Elite for Galaxy
00:30 All-new One UI 7: Built for AI
00:53 Seamless actions across apps: Get things done without having to switch between various apps
01:53 Circle to Search: AI Overviews
02:04 Gemini Live: Conversational AI
02:22 Circle to Search: Music search
02:38 Now Bar and Now Brief: Personalized briefings
03:01 Call Transcript: Call summary and keywords
03:22 Design: Curved edges for a unified design
03:35 Display: ProScaler for clearer viewing experience
03:53 Performance: Heat dissipation architecture
04:21 Camera: Next generation ProVisual Engine
05:01 Audio Eraser: Filter out unwanted background noise from videos

Q: What makes the Galaxy S25 Ultra's processor special?
A: It's a customized processor designed exclusively for Galaxy, delivering peak performance in speed, efficiency, and AI tasks.
Q: What's new in the Galaxy S25 Ultra's camera?
A: It has an all-new 50 MP ultra wide lens, along with telephoto lens. And it still has the 200 MP wide lens everyone loves! It’s all powered by the next generation ProVisual Engine and enhanced AI, so you can take more natural Portraits and clearer Nightography than ever.
Q: Can I change the apps in Now Bar?
A: Yes. While widgets may be limited or hidden behind gestures, Now Bar is always accessible and purpose-built for quick actions.

#GalaxyAI #GalaxyS25Ultra #GalaxyS25","AI features, AI phones, Galaxy AI, S25, S25 Phones, S25 ai, S25 features, S25 plus, S25 ultra, Samsung event, Samsung galaxy unpacked, Samsung unpacked, Unpacked, galaxt, galaxy, galaxy S25 plus, galaxy S25 ultra, galaxy phones, galaxy unpacked, galaxy unpacked 2025, new galaxy phone, new samsung galaxy, samsung, samsung S25 galaxy S25, samsung S25 plus, samsung S25 ultra, samsung galaxt, samsung galaxy, samsung galaxy phones, samsung latest mobile, AI Phone",UgyIcS0KWZ_7SbEuJBh4AaABAg,,top_level,@Kissmanay_28,What percentage of the users will ACTUALLY use gemini or AI anyways. 🤷 hard pass.,0,0,2025-01-23 02:38:04+00:00,2025-01-23T02:38:04Z,True,What percentage of the users will ACTUALLY use gemini or AI anyways. 🤷 hard pass.,what percentage of the users will actually use gemini or ai anyways. hard pass.,0,0.0,79,14,0.097,0.903,0.0,-0.103,-0.082,negative,en,AI / Gemini,keyword,1.0,5,0.591,S-Pen / Bluetooth Removal,Comment: what percentage of the users will actually use gemini or ai anyways. hard pass. Issue Category: AI / Gemini Sentiment: negative Topic: S-Pen / Bluetooth Removal Video: Introducing Galaxy S25 Ultra | Galaxy AI | Samsung,0.729,0.0,0.65,0.75,0.5,0.0,0.681,What do users think about Galaxy AI and Gemini?,0.023428904,0.0234289038926363,1
1,a4NJNdHqs_I,Samsung Galaxy S25 Ultra Review: The Tables Have Turned!,Marques Brownlee,2025-02-05T22:18:18Z,5877632,158154,12519,"Part review part rant. It's still a good phone though.

Get the Samsung Galaxy S25 Ultra at BestBuy in-store or online at https://bit.ly/4h8mjiy

MKBHD Merch: http://shop.MKBHD.com

The Ridge x MKBHD Knife: https://geni.us/YP4ED

Playlist of MKBHD Intro music: https://goo.gl/B3AWV5

Phone provided by Samsung for review.

~
http://twitter.com/MKBHD
http://instagram.com/MKBHD
http://facebook.com/MKBHD","S25 Ultra, Galaxy S25, Galaxy S25 Ultra, S25 Ultra vs, MKBHD, S25 Ultra Review",Ugx_bM-r_HotnPmCu-R4AaABAg,,top_level,@elbackapacko,"Weren’t most of these “inspired” features standard Android things before Apple did them… sure, not exactly like they were today, but Apple has copied way more from Samsung than vice versa… and I’m an iPhone user.",0,0,2025-02-06 04:05:46+00:00,2025-02-06T04:05:46Z,True,"Weren’t most of these “inspired” features standard Android things before Apple did them… sure, not exactly like they were today, but Apple has copied way more from Samsung than vice versa… and I’m an iPhone user.","weren t most of these inspired features standard android things before apple did them sure, not exactly like they were today, but apple has copied way more from samsung than vice versa and i m an iphone user.",0,0.0,208,38,0.038,0.866,0.096,0.324,0.259,positive,en,Design / Build,keyword,1.0,0,0.75,General Samsung / Apple Discussion,"Comment: weren t most of these inspired features standard android things before apple did them sure, not exactly like they were today, but apple has copied way more from samsung than vice versa and i m an iphone user. Issue Category: Design / Build Sentiment: positive Topic: General Samsung / Apple Discussion Video: Samsung Galaxy S25 Ultra Review: The Tables Have Turned!",0.698,0.0,0.9,1.0,0.5,0.0,0.748,Are users comparing Samsung with Apple?,0.6516637,0.6516637206077576,1
2,a4NJNdHqs_I,Samsung Galaxy S25 Ultra Review: The Tables Have Turned!,Marques Brownlee,2025-02-05T22:18:18Z,5877632,158154,12519,"Part review part rant. It's still a good phone though.

Get the Samsung Galaxy S25 Ultra at BestBuy in-store or online at https://bit.ly/4h8mjiy

MKBHD Merch: http://shop.MKBHD.com

The Ridge x MKBHD Knife: https://geni.us/YP4ED

Playlist of MKBHD Intro music: https://goo.gl/B3AWV5

Phone provided by Samsung for review.

~
http://twitter.com/MKBHD
http://instagram.com/MKBHD
http://facebook.com/MKBHD","S25 Ultra, Galaxy S25, Galaxy S25 Ultra, S25 Ultra vs, MKBHD, S25 Ultra Review",UgxJCQHDTh1Gu4E4BfR4AaABAg.AEBdn7lGQ8AAEC8WXstUL1,UgxJCQHDTh1Gu4E4BfR4AaABAg,reply,@zenodezeno454,"Lol they copied 80% of the oneUI 7 features from iOS, Samsung is like a dog following Apple in everything they do 💀😂",68,0,2025-02-06 10:51:56+00:00,2025-02-06T10:51:56Z,True,"Lol they copied 80% of the oneUI 7 features from iOS, Samsung is like a dog following Apple in everything they do 💀😂","lol they copied 80 of the oneui 7 features from ios, samsung is like a dog following apple in everything they do",2,-0.15,112,22,0.0,0.791,0.209,0.649,0.489,positive,en,Design / Build,keyword,1.0,0,0.535,General Samsung / Apple Discussion,"Comment: lol they copied 80 of the oneui 7 features from ios, samsung is like a dog following apple in everything they do Issue Category: Design / Build Sentiment: positive Topic: General Samsung / Apple Discussion Video: Samsung Galaxy S25 Ultra Review: The Tables Have Turned!",0.665,0.371,0.9,0.75,0.5,0.0,0.71,Are users comparing Samsung with Apple?,0.28559235,0.28559234738349915,1
3,a4NJNdHqs_I,Samsung Galaxy S25 Ultra Review: The Tables Have Turned!,Marques Brownlee,2025-02-05T22:18:18Z,5877632,158154,12519,"Part review part rant. It's still a good phone though.

Get the Samsung Galaxy S25 Ultra at BestBuy in-store or online at https://bit.ly/4h8mjiy

MKBHD Merch: http://shop.MKBHD.com

The Ridge x MKBHD Knife: https://geni.us/YP4ED

Playlist of MKBHD Intro music: https://goo.gl/B3AWV5

Phone provided by Samsung for review.

~
http://twitter.com/MKBHD
http://instagram.com/MKBHD
http://facebook.com/MKBHD","S25 Ultra, Galaxy S25, Galaxy S25 Ultra, S25 Ultra vs, MKBHD, S25 Ultra Review",UgzEj8jCsN6gK4s1jfF4AaABAg,,top_level,@AhardTruth-IYF,"Funny how ppl trash talk about Apple but they consistently bring considerable spec bumps to their yearly iteration of the iPhone. They only look extremely similar to last year's iPhone but they're definitely not the same device on the inside. This year tho, Samsung built the same phone inside & out. Even worse; they took away many ""small"" features lots of their customers used & were used to have. But hey: same price tag!🤷🏻‍♀️

I truly hope Apple brings the heat this year & Tim Cook saying: Who's laughing now, ah?😉",0,0,2025-02-07 08:31:39+00:00,2025-02-07T08:32:09Z,True,"Funny how ppl trash talk about Apple but they consistently bring considerable spec bumps to their yearly iteration of the iPhone. They only look extremely similar to last year's iPhone but they're definitely not the same device on the inside. This year tho, Samsung built the same phone inside & out. Even worse; they took away many ""small"" features lots of their customers used & were used to have. But hey: same price tag!🤷🏻‍♀️

I truly hope Apple brings the heat this year & Tim Cook saying: Who's laughing now, ah?😉","funny how ppl trash talk about apple but they consistently bring considerable spec bumps to their yearly iteration of the iphone. they only look extremely similar to last year's iphone but they're definitely not the same device on the inside. this year tho, samsung built the same phone inside out. even worse they took away many small features lots of their customers used were used to have. but hey same price tag! i truly hope apple brings the heat this year tim cook saying who's laughing now, ah?",0,0.0,501,88,0.04,0.789,0.171,0.928,0.742,positive,en,Performance / Processor,keyword,1.0,0,0.344,General Samsung / Apple Discussion,"Comment: funny how ppl trash talk about apple but they consistently bring considerable spec bumps to their yearly iteration of the iphone. they only look extremely similar to last year's iphone but they're definitely not the same device on the inside. this year tho, samsung built the same phone inside out. even worse they took away many small features lots of their customers used were used to have. but hey same price tag! i truly hope apple brings the heat this year tim cook saying who's laughing now, ah? Issue Category: Performance / Processor Sentiment: positive Topic: General Samsung / Apple Discussion Video: Samsung Galaxy S25 Ultra Review: The Tables Have Turned!",0.714,0.0,0.9,0.5,0.5,0.0,0.697,Are users comparing Samsung with Apple?,0.084836885,0.08483688533306122,1
4,3hPoEmlBQdY,Introducing Galaxy S24 Ultra | Galaxy AI | Samsung,Samsung,2024-01-17T19:06:58Z,42072502,343318,7090,"This is the official Galaxy S24 Ultra introduction film. Galaxy AI is finally here. Check out this epic demo of all that you can do with the first Galaxy AI phone—the new Galaxy S24 Ultra. Learn more: http://smsng.co/S24Ultra_Intro-Film_yt

00:00 Introducing Galaxy S24 Ultra: the first Galaxy AI phone
00:23 Circle to Search: New way to search
00:52 Live Translate: New way to get thing done
01:17 Unbeatable processor: New way to play
01:50 Titanium toughness
02:13 Epic AI camera: New way to create
03:15 Note Assist: New way to get things done

Q: How does Circle to Search work?
A: Just circle an object—including images, videos, or text—with your finger or S Pen and you'll get results immediately.

Q: Does Live Translate only work during calls?
A: No. It also works through messaging. You can reply in your selected language and it will be translated for the person you're chatting with.

#GalaxyAI #GalaxyS24Ultra #GalaxyS24 #Samsung","AI, Unpacked, compilation, galaxy AI, galaxy s series, galaxy s24, galaxy s24 plus, galaxy s24 ultra, galaxy unpacked, galaxy unpacked 2023, highlight, launch, opening, product launch, replay, s series, s24, s24 plus, s24 ultra, samsung event, samsung galaxy unpacked, samsung s24, samsung s24 plus, samsung s24 ultra, samsung unpacked, AI Phone",Ugw2JLgEnzG0Q09GgAF4AaABAg,,top_level,@navindanallaperuma7306,"IT IS JUST ANOTHER PHONE THAT HAS ALMOST COPIED MOST OF THE ELEMENTS FROM THE IPHONE APART FROM THE "" AI "". AND THE WORST PART IS THAT I CAN'T STOP LAUGHING SEEING THAT THEY DOWNGRADED 10X OPTICAL ZOOM TO 5X WITH 50 MP CAMERA............ WAIT DIDN'T THEY JUST PROMOTED THE 10 X ZOOM SAYING THAT WE CAN TAKE PHOTOS OF THE MOON AND NOW CAN'T............. I THINK I'T DOESN'T KNOW WHERE IT IS GOING EVEN.... COPYING FROM APPLE. GOOGLE, COME ON SAMSUNG, BE UNIQUE FOR JUST ONE TIME IN HISTORY WITHOUT BEING SUCH A COPYCAT..... FROM ANDROID, GOOGLE IS THE BEST SO FAR AND OBVIOUSLY APPLE IPHONE IS THE BEST OF THE BEST......... SHAME ON SAMSUNG........",0,0,2024-01-17 19:36:43+00:00,2024-01-17T19:36:43Z,True,"IT IS JUST ANOTHER PHONE THAT HAS ALMOST COPIED MOST OF THE ELEMENTS FROM THE IPHONE APART FROM THE "" AI "". AND THE WORST PART IS THAT I CAN'T STOP LAUGHING SEEING THAT THEY DOWNGRADED 10X OPTICAL ZOOM TO 5X WITH 50 MP CAMERA............ WAIT DIDN'T THEY JUST PROMOTED THE 10 X ZOOM SAYING THAT WE CAN TAKE PHOTOS OF THE MOON AND NOW CAN'T............. I THINK I'T DOESN'T KNOW WHERE IT IS GOING EVEN.... COPYING FROM APPLE. GOOGLE, COME ON SAMSUNG, BE UNIQUE FOR JUST ONE TIME IN HISTORY WITHOUT BEING SUCH A COPYCAT..... FROM ANDROID, GOOGLE IS THE BEST SO FAR AND OBVIOUSLY APPLE IPHONE IS THE BEST OF THE BEST......... SHAME ON SAMSUNG........","it is just another phone that has almost copied most of the elements from the iphone apart from the ai . and the worst part is that i can't stop laughing seeing that they downgraded 10x optical zoom to 5x with 50 mp camera............ wait didn't they just promoted the 10 x zoom saying that we can take photos of the moon and now can't............. i think i't doesn't know where it is going even.... copying from apple. google, come on samsung, be unique for just one time in history without being such a copycat..... from android, google is the best so far and obviously apple iphone is the best of the best......... shame on samsung........",0,0.0,644,116,0.09,0.802,0.108,0.515,0.412,positive,en,Camera,keyword,1.0,0,0.536,General Samsung / Apple Discussion,"Comment: it is just another phone that has almost copied most of the elements from the iphone apart from the ai . and the worst part is that i can't stop laughing seeing that they downgraded 10x optical zoom to 5x with 50 mp camera............ wait didn't they just promoted the 10 x zoom saying that we can take photos of the moon and now can't............. i think i't doesn't know where it is going even.... copying from apple. google, come on samsung, be unique for just one time in history without being such a copycat..... from android, google is the best so far and obviously apple iphone is the best of the best......... shame on samsung........ Issue Category: Camera Sentiment: positive Topic: General Samsung / Apple Discussion Video: Introducing Galaxy S24 Ultra | Galaxy AI | Samsung",0.602,0.0,0.9,1.0,0.5,0.0,0.692,Are users comparing Samsung with Apple?,0.011853685,0.011853684671223164,1
5,a4NJNdHqs_I,Samsung Galaxy S25 Ultra Review: The Tables Have Turned!,Marques Brownlee,2025-02-05T22:18:18Z,5877632,158154,12519,"Part review part rant. It's still a good phone though.

Get the Samsung Galaxy S25 Ultra at BestBuy in-store or online at https://bit.ly/4h8mjiy

MKBHD Merch: http://shop.MKBHD.com

The Ridge x MKBHD Knife: https://geni.us/YP4ED

Playlist of MKBHD Intro music: https://goo.gl/B3AWV5

Phone provided by Samsung for review.

~
http://twitter.com/MKBHD
http://instagram.com/MKBHD
http://facebook.com/MKBHD","S25 Ultra, Galaxy S25, Galaxy S25 Ultra, S25 Ultra vs, MKBHD, S25 Ultra Review",UgwUd_7v8EXX9idOuTx4AaABAg.AEAo0I3bZrmAECAprcNJF5,UgwUd_7v8EXX9idOuTx4AaABAg,reply,@lesleyhaan116,"@araza1926 
Well it feels like 2008 when they still mocking Apple in stupid ads Samsung stoped copying Apples design in 2013 but now they ad it again copy software features but making your phones look and feel like iPhones I just stupid but it works and does not work Arun Mrwhoistheboss well his wife for the first time did like the Galaxy S25 phones why because they feel and look just like an iPhone so Apple users can move to Samsung and get the same iPhone experience but Samsung users well they get mad because they hate Apple and have been told by Samsung to hate Apple when you look at there mocking Apple ads now those Samsung users are walking with a clone iPhone",0,0,2025-02-06 11:12:11+00:00,2025-02-06T11:12:11Z,True,"@araza1926 
Well it feels like 2008 when they still mocking Apple in stupid ads Samsung stoped copying Apples design in 2013 but now they ad it again copy software features but making your phones look and feel like iPhones I just stupid but it works and does not work Arun Mrwhoistheboss well his wife for the first time did like the Galaxy S25 phones why because they feel and look just like an iPhone so Apple users can move to Samsung and get the same iPhone experience but Samsung users well they get mad because they hate Apple and have been told by Samsung to hate Apple when you look at there mocking Apple ads now those Samsung users are walking with a clone iPhone",well it feels like 2008 when they still mocking apple in stupid ads samsung stoped copying apples design in 2013 but now they ad it again copy software features but making your phones look and feel like iphones i just stupid but it works and does not work arun mrwhoistheboss well his wife for the first time did like the galaxy s25 phones why because they feel and look just like an iphone so apple users can move to samsung and get the same iphone experience but samsung users well they get mad because they hate apple and have been told by samsung to hate apple when you look at there mocking apple ads now those samsung users are walking with a clone iphone,0,0.0,661,124,0.172,0.71,0.118,-0.905,-0.724,negative,en,AI / Gemini,keyword,1.0,0,0.42,General Samsung / Apple Discussion,Comment: well it feels like 2008 when they still mocking apple in stupid ads samsung stoped copying apples design in 2013 but now they ad it again copy software features but making your phones look and feel like iphones i just stupid but it works and does not work arun mrwhoistheboss well his wife for the first time did like the galaxy s25 phones why because they feel and look just like an iphone so apple users can move to samsung and get the same iphone experience but samsung users well they get mad because they hate apple and have been told by samsung to hate apple when you look at there mocking apple ads now those samsung users are walking with a clone iphone Issue Category: AI / Gemini Sentiment: negative Topic: General Samsung / Apple Discussion Video: Samsung Galaxy S25 Ultra Review: The Tables Have Turned!,0.648,0.0,0.9,0.75,0.5,0.0,0.689,Are users comparing Samsung with Apple?,0.0022415686,0.0022415686398744583,0
1,vkBQW8NZk9k,"$70 vs $1,200 Samsung!",Mrwhosetheboss,2023-05-14T13:01:39Z,40457597,1964597,5052,"#Samsung #realvsfake #fake #technology #shorts 

I spend a LOT of time trying to make my videos as concise, polished and useful as possible for you - if you would like to support me on that mission then consider subscribing to the channel - you'd make my day 😁

For my tech hot takes: http://twitter.com/Mrwhosetheboss
For my Personal Posts: http://instagram.com/mrwhosetheboss
Does anyone still use this anymore?: https://facebook.com/mrwhosetheboss

Amazon Affiliate links (if you buy anything through these it will support the channel and allow us to buy better gear!):
Amazon US: https://amzn.to/3mFix9d
Amazon UK: https://amzn.to/3GMPPtM

My Filming Gear:
https://bit.ly/35CuxwI

Music is from Epidemic sound:
http://share.epidemicsound.com/pHDFT","samsung, tech, shorts",UgzWbD1EOk0kvYLOrDl4AaABAg,,top_level,@sk_30.,Fake Samsung rear camera's photo quality is like iPhone front camera's one,0,0,2024-10-04 07:36:00+00:00,2024-10-04T07:36:00Z,True,Fake Samsung rear camera's photo quality is like iPhone front camera's one,fake samsung rear camera's photo quality is like iphone front camera's one,0,0.0,74,12,0.199,0.641,0.16,-0.153,-0.122,negative,en,Camera,keyword,1.0,4,0.647,Fake Products / Screen / Camera Concerns,"Comment: fake samsung rear camera's photo quality is like iphone front camera's one Issue Category: Camera Sentiment: negative Topic: Fake Products / Screen / Camera Concerns Video: $70 vs $1,200 Samsung!",0.731,0.0,0.65,1.0,0.5,0.0,0.712,What are users saying about Samsung camera quality?,0.0008730299,0.0008730298723094165,0
2,vkBQW8NZk9k,"$70 vs $1,200 Samsung!",Mrwhosetheboss,2023-05-14T13:01:39Z,40457597,1964597,5052,"#Samsung #realvsfake #fake #technology #shorts 

I spend a LOT of time trying to make my videos as concise, polished and useful as possible for you - if you would like to support me on that mission then consider subscribing to the channel - you'd make my day 😁

For my tech hot takes: http://twitter.com/Mrwhosetheboss
For my Personal Posts: http://instagram.com/mrwhosetheboss
Does anyone still use this anymore?: https://facebook.com/mrwhosetheboss

Amazon Affiliate links (if you buy anything through these it will support the channel and allow us to buy better gear!):
Amazon US: https://amzn.to/3mFix9d
Amazon UK: https://amzn.to/3GMPPtM

My Filming Gear:
https://bit.ly/35CuxwI

Music is from Epidemic sound:
http://share.epidemicsound.com/pHDFT","samsung, tech, shorts",Ugwkr3P52qAtPPCcKmN4AaABAg,,top_level,@kangara_wairimu,I watch All Mrwhosetheboss Video and like his work..The broblem is that I cant afford any of the phone he advice..I wish I can afford a good phone that can take quality photos..😥😥,0,0,2023-05-15 16:53:33+00:00,2023-05-15T16:53:33Z,True,I watch All Mrwhosetheboss Video and like his work..The broblem is that I cant afford any of the phone he advice..I wish I can afford a good phone that can take quality photos..😥😥,i watch all mrwhosetheboss video and like his work..the broblem is that i cant afford any of the phone he advice..i wish i can afford a good phone that can take quality photos..,0,0.0,177,33,0.0,0.787,0.213,0.796,0.637,positive,en,Camera,keyword,1.0,0,0.464,General Samsung / Apple Discussion,"Comment: i watch all mrwhosetheboss video and like his work..the broblem is that i cant afford any of the phone he advice..i wish i can afford a good phone that can take quality photos.. Issue Category: Camera Sentiment: positive Topic: General Samsung / Apple Discussion Video: $70 vs $1,200 Samsung!",0.716,0.0,0.65,1.0,0.5,0.0,0.703,What are users saying about Samsung camera quality?,9.694386e-05,9.694386244518682e-05,0
3,vkBQW8NZk9k,"$70 vs $1,200 Samsung!",Mrwhosetheboss,2023-05-14T13:01:39Z,40457597,1964597,5052,"#Samsung #realvsfake #fake #technology #shorts 

I spend a LOT of time trying to make my videos as concise, polished and useful as possible for you - if you would like to support me on that mission then consider subscribing to the channel - you'd make my day 😁

For my tech hot takes: http://twitter.com/Mrwhosetheboss
For my Personal Posts: http://instagram.com/mrwhosetheboss
Does anyone still use this anymore?: https://facebook.com/mrwhosetheboss

Amazon Affiliate links (if you buy anything through these it will support the channel and allow us to buy better gear!):
Amazon US: https://amzn.to/3mFix9d
Amazon UK: https://amzn.to/3GMPPtM

My Filming Gear:
https://bit.ly/35CuxwI

Music is from Epidemic sound:
http://share.epidemicsound.com/pHDFT","samsung, tech, shorts",Ugx6qsk90f288dGO9_R4AaABAg,,top_level,@oriharharhar,That photo on the Samsung actually looks dslr quality,0,0,2024-09-19 15:09:39+00:00,2024-09-19T15:09:39Z,True,That photo on the Samsung actually looks dslr quality,that photo on the samsung actually looks dslr quality,0,0.0,53,9,0.0,1.0,0.0,0.0,0.0,neutral,en,Camera,keyword,1.0,4,0.716,Fake Products / Screen / Camera Concerns,"Comment: that photo on the samsung actually looks dslr quality Issue Category: Camera Sentiment: neutral Topic: Fake Products / Screen / Camera Concerns Video: $70 vs $1,200 Samsung!",0.739,0.0,0.65,0.75,0.5,0.0,0.686,What are users saying about Samsung camera quality?,0.00750642,0.007506419904530048,0
4,vkBQW8NZk9k,"$70 vs $1,200 Samsung!",Mrwhosetheboss,2023-05-14T13:01:39Z,40457597,1964597,5052,"#Samsung #realvsfake #fake #technology #shorts 

I spend a LOT of time trying to make my videos as concise, polished and useful as possible for you - if you would like to support me on that mission then consider subscribing to the channel - you'd make my day 😁

For my tech hot takes: http://twitter.com/Mrwhosetheboss
For my Personal Posts: http://instagram.com/mrwhosetheboss
Does anyone still use this anymore?: https://facebook.com/mrwhosetheboss

Amazon Affiliate links (if you buy anything through these it will support the channel and allow us to buy better gear!):
Amazon US: https://amzn.to/3mFix9d
Amazon UK: https://amzn.to/3GMPPtM

My Filming Gear:
https://bit.ly/35CuxwI

Music is from Epidemic sound:
http://share.epidemicsound.com/pHDFT","samsung, tech, shorts",UgzluO287poXZ1FlXml4AaABAg,,top_level,@MistaYoungg,The camera quality really isn't too terrible for what it is,0,1,2023-05-14 14:24:14+00:00,2023-05-14T14:24:14Z,True,The camera quality really isn't too terrible for what it is,the camera quality really isn't too terrible for what it is,0,0.0,59,11,0.0,0.78,0.22,0.425,0.34,positive,en,Camera,keyword,1.0,4,0.854,Fake Products / Screen / Camera Concerns,"Comment: the camera quality really isn't too terrible for what it is Issue Category: Camera Sentiment: positive Topic: Fake Products / Screen / Camera Concerns Video: $70 vs $1,200 Samsung!",0.764,0.061,0.65,0.5,0.5,0.0,0.673,What are users saying about Samsung camera quality?,0.009208195,0.00920819491147995,0
5,vkBQW8NZk9k,"$70 vs $1,200 Samsung!",Mrwhosetheboss,2023-05-14T13:01:39Z,40457597,1964597,5052,"#Samsung #realvsfake #fake #technology #shorts 

I spend a LOT of time trying to make my videos as concise, polished and useful as possible for you - if you would like to support me on that mission then consider subscribing to the channel - you'd make my day 😁

For my tech hot takes: http://twitter.com/Mrwhosetheboss
For my Personal Posts: http://instagram.com/mrwhosetheboss
Does anyone still use this anymore?: https://facebook.com/mrwhosetheboss

Amazon Affiliate links (if you buy anything through these it will support the channel and allow us to buy better gear!):
Amazon US: https://amzn.to/3mFix9d
Amazon UK: https://amzn.to/3GMPPtM

My Filming Gear:
https://bit.ly/35CuxwI

Music is from Epidemic sound:
http://share.epidemicsound.com/pHDFT","samsung, tech, shorts",UgxrGE9Z4zS7Ibw9AIl4AaABAg,,top_level,@Cyber_Dystopian_Duck,My Samsungs camera quality is about the same as the fake one.😢 My old Samsung had better quality,0,0,2023-06-05 00:43:43+00:00,2023-06-05T00:43:43Z,True,My Samsungs camera quality is about the same as the fake one.😢 My old Samsung had better quality,my samsungs camera quality is about the same as the fake one. my old samsung had better quality,1,-0.8,95,18,0.141,0.727,0.132,-0.052,-0.201,negative,en,Camera,keyword,1.0,4,0.761,Fake Products / Screen / Camera Concerns,"Comment: my samsungs camera quality is about the same as the fake one. my old samsung had better quality Issue Category: Camera Sentiment: negative Topic: Fake Products / Screen / Camera Concerns Video: $70 vs $1,200 Samsung!",0.763,0.0,0.65,0.5,0.5,0.0,0.67,What are users saying about Samsung camera quality?,0.008169204,0.008169203996658325,0
1,vkBQW8NZk9k,"$70 vs $1,200 Samsung!",Mrwhosetheboss,2023-05-14T13:01:39Z,40457597,1964597,5052,"#Samsung #realvsfake #fake #technology #shorts 

I spend a LOT of time trying to make my videos as concise, polished and useful as possible for you - if you would like to support me on that mission then consider subscribing to the channel - you'd make my day 😁

For my tech hot takes: http://twitter.com/Mrwhosetheboss
For my Personal Posts: http://instagram.com/mrwhosetheboss
Does anyone still use this anymore?: https://facebook.com/mrwhosetheboss

Amazon Affiliate links (if you buy anything through these it will support the channel and allow us to buy better gear!):
Amazon US: https://amzn.to/3mFix9d
Amazon UK: https://amzn.to/3GMPPtM

My Filming Gear:
https://bit.ly/35CuxwI

Music is from Epidemic sound:
http://share.epidemicsound.com/pHDFT","samsung, tech, shorts",UgyZ7yUHIMS-X-ToRk54AaABAg,,top_level,@almightybogza,Not much of a difference on the screen ? My guy are you blind ?,0,0,2024-07-19 20:59:42+00:00,2024-07-19T20:59:42Z,True,Not much of a difference on the screen ? My guy are you blind ?,not much of a difference on the screen ? my guy are you blind ?,0,0.0,63,15,0.179,0.821,0.0,-0.47,-0.376,negative,en,Display / Screen,keyword,1.0,4,0.531,Fake Products / Screen / Camera Concerns,"Comment: not much of a difference on the screen ? my guy are you blind ? Issue Category: Display / Screen Sentiment: negative Topic: Fake Products / Screen / Camera Concerns Video: $70 vs $1,200 Samsung!",0.713,0.0,0.65,0.5,1.0,0.0,0.666,What are users saying about Samsung screen or display issues?,0.001048646,0.0010486460523679852,0
2,2HhrudHXaDs,Introducing Galaxy Z Fold7 | Galaxy AI | Samsung,Samsung,2025-07-09T15:27:09Z,40946263,5777,773,"Introducing the all-new Galaxy Z Fold7. Ultra sleek and ultra powerful, ready to make your everyday more productive and effortless. Learn more: http://smsng.co/ZFold7_Intro_yt

00:00 Intro
00:36 Design
01:10 Hardware
01:45 Battery
02:11 Now Brief
02:24 Gemini Live
02:58 Camera
03:20 ProVisual Engine
03:41 Audio Eraser
03:48 Photo Assist

Q: What's special about the Galaxy Z Fold7's design?
A: Galaxy Z Fold7 features a sleeker, lighter design—just 4.2 mm when open and 8.9 mm when folded. Weighing 215 g, it's the thinnest Galaxy Z Fold yet.

#GalaxyAI #GalaxyZFold7 #camera #UltraSleek #Samsung","audio eraser, camera, galaxy ai, galaxy unpacked 2025, galaxy z fold design, galaxy z fold7, gemini live samsung, new samsung fold phone, samsung, samsung fold camera, samsung foldable, samsung galaxy, samsung galaxy z fold now bar, samsung galaxy z fold photo assist, samsung galaxy z fold7 gemini live, samsung galaxy z fold7 official video, samsung latest mobile, samsung mobile, samsung z fold7, z fold 7 battery life, z fold 7 features, z fold7 ai, AI Phone",UgxWQzvcP4EgWH7Jw8d4AaABAg.AKMes0TBo6FANJgGydcv7S,UgxWQzvcP4EgWH7Jw8d4AaABAg,reply,@AliyevRashid,Screen quality is worst! Every small things can and will damage it. And Samsung do not include it in warrant.. they know that shiny internal display.,0,0,2025-09-21 01:52:52+00:00,2025-09-21T01:52:52Z,True,Screen quality is worst! Every small things can and will damage it. And Samsung do not include it in warrant.. they know that shiny internal display.,screen quality is worst! every small things can and will damage it. and samsung do not include it in warrant.. they know that shiny internal display.,0,0.0,149,26,0.24,0.76,0.0,-0.822,-0.658,negative,en,Display / Screen,keyword,1.0,4,0.418,Fake Products / Screen / Camera Concerns,Comment: screen quality is worst! every small things can and will damage it. and samsung do not include it in warrant.. they know that shiny internal display. Issue Category: Display / Screen Sentiment: negative Topic: Fake Products / Screen / Camera Concerns Video: Introducing Galaxy Z Fold7 | Galaxy AI | Samsung,0.706,0.0,0.65,0.5,1.0,0.0,0.662,What are users saying about Samsung screen or display issues?,0.011697997,0.011697997339069843,1
3,vkBQW8NZk9k,"$70 vs $1,200 Samsung!",Mrwhosetheboss,2023-05-14T13:01:39Z,40457597,1964597,5052,"#Samsung #realvsfake #fake #technology #shorts 

I spend a LOT of time trying to make my videos as concise, polished and useful as possible for you - if you would like to support me on that mission then consider subscribing to the channel - you'd make my day 😁

For my tech hot takes: http://twitter.com/Mrwhosetheboss
For my Personal Posts: http://instagram.com/mrwhosetheboss
Does anyone still use this anymore?: https://facebook.com/mrwhosetheboss

Amazon Affiliate links (if you buy anything through these it will support the channel and allow us to buy better gear!):
Amazon US: https://amzn.to/3mFix9d
Amazon UK: https://amzn.to/3GMPPtM

My Filming Gear:
https://bit.ly/35CuxwI

Music is from Epidemic sound:
http://share.epidemicsound.com/pHDFT","samsung, tech, shorts",UgzE-B-_SKh9UuBfBRl4AaABAg,,top_level,@juliogomez9145,"""When you first boot it up you can't tell that much of a difference apart from the quality of the screen.""


Umm.. what!?",0,0,2025-03-01 06:15:00+00:00,2025-03-01T06:15:00Z,True,"""When you first boot it up you can't tell that much of a difference apart from the quality of the screen.""


Umm.. what!?",when you first boot it up you can't tell that much of a difference apart from the quality of the screen. umm.. what!?,0,0.0,117,23,0.0,1.0,0.0,0.0,0.0,neutral,en,Display / Screen,keyword,1.0,4,0.825,Fake Products / Screen / Camera Concerns,"Comment: when you first boot it up you can't tell that much of a difference apart from the quality of the screen. umm.. what!? Issue Category: Display / Screen Sentiment: neutral Topic: Fake Products / Screen / Camera Concerns Video: $70 vs $1,200 Samsung!",0.712,0.0,0.65,0.5,0.8,0.0,0.656,What are users saying about Samsung screen or display issues?,0.00045357962,0.0004535796178970486,0
4,a4NJNdHqs_I,Samsung Galaxy S25 Ultra Review: The Tables Have Turned!,Marques Brownlee,2025-02-05T22:18:18Z,5877632,158154,12519,"Part review part rant. It's still a good phone though.

Get the Samsung Galaxy S25 Ultra at BestBuy in-store or online at https://bit.ly/4h8mjiy

MKBHD Merch: http://shop.MKBHD.com

The Ridge x MKBHD Knife: https://geni.us/YP4ED

Playlist of MKBHD Intro music: https://goo.gl/B3AWV5

Phone provided by Samsung for review.

~
http://twitter.com/MKBHD
http://instagram.com/MKBHD
http://facebook.com/MKBHD","S25 Ultra, Galaxy S25, Galaxy S25 Ultra, S25 Ultra vs, MKBHD, S25 Ultra Review",Ugzb6qasqHkhEnkSnGJ4AaABAg,,top_level,@Amanwithoutaplanhere,You're view on them is crap they have added a lot of new stuff to this phone including a 3nm chip a screen glass that is scrathproof and a display that changes refresh rate automatically,0,1,2025-08-31 21:48:41+00:00,2025-08-31T21:49:10Z,True,You're view on them is crap they have added a lot of new stuff to this phone including a 3nm chip a screen glass that is scrathproof and a display that changes refresh rate automatically,you're view on them is crap they have added a lot of new stuff to this phone including a 3nm chip a screen glass that is scrathproof and a display that changes refresh rate automatically,0,0.0,186,35,0.071,0.929,0.0,-0.382,-0.305,negative,en,Display / Screen,keyword,1.0,4,0.42,Fake Products / Screen / Camera Concerns,Comment: you're view on them is crap they have added a lot of new stuff to this phone including a 3nm chip a screen glass that is scrathproof and a display that changes refresh rate automatically Issue Category: Display / Screen Sentiment: negative Topic: Fake Products / Screen / Camera Concerns Video: Samsung Galaxy S25 Ultra Review: The Tables Have Turned!,0.626,0.061,0.65,0.75,1.0,0.0,0.648,What are users saying about Samsung screen or display issues?,0.00465435,0.004654350224882364,0
5,2gYqEi8-am4,Introducing Galaxy S26 Ultra | Galaxy AI | Samsung,Samsung,2026-02-25T19:17:48Z,54215181,47421,3321,"This is the official Galaxy S26 Ultra introduction film. The AI phone that makes your everyday easy and effortless. With the revolutionary Privacy Display, next-level pro cameras, and Galaxy AI. Learn more: http://smsng.co/S26Ultra_Intro_yt

00:00 Intro
00:30 The Most Powerful Processor
00:39 Customized Processor
00:47 Customized Image Enhancer 
00:57 The World’s First Privacy Display 
01:28 Next-Level Pro Cameras
01:35 Super Steady Video
01:46 Nightography Video
02:14 Photo Assist 
02:30 Creative Studio
02:43 Now Nudge
03:03 Now Brief
03:15 Samsung Knox 

Q: How can Privacy Display on Galaxy S26 Ultra help me?
A: If you're worried about people being able to view your personal information when you're in a crowded space, you can activate Privacy Display to hide your full screen from others.
Q: What has improved in the Galaxy S26 Ultra's camera compared to the Galaxy S25 Ultra?
A: Wider apertures mean the 200 MP Wide camera opens to F1.4. The 50 MP Telephoto camera, with 5x optical zoom and 10x optical quality zoom, now opens to F2.9. This allows in more light for improved brightness.
Q: What's the new key AI feature available on Galaxy S26 Ultra?
A: Now Nudge is a new feature that intelligently understands what's on your screen and will provide suggestions, such as viewing your ‘Calendar’ to add an event or the option to jump straight to your ‘Gallery’ when someone asks you to share photos with them.
Q: Which messaging apps are supported by Now Nudge?
A: Text message prompts are currently available with Samsung Messages and certain third-party messaging apps including Google Messages and Google Chat. Based on availability at the time of product launch. May change without notice.

#GalaxyAI #GalaxyS26Ultra #GalaxyS26 #Samsung","ai phone, ai smartphone, best smartphone ai, creative studio, galaxy ai, galaxy s26 ultra, galaxy unpacked 2026, generative ai, introduction film, latest samsung galaxy phone, new ai phone, new phone launch 2026, nightography, now brief, now nudge, photo assist, privacy display, s26 features, samsung, samsung galaxy, samsung galaxy phones, samsung galaxy unpacked, samsung mobile, samsung s26 ad, samsung s26 commercial, samsung s26 ultra, super steady",UgymgEZa5bCMPaCPBnV4AaABAg,,top_level,@IllyrianMapper,"They solved the issue of all privacy screen protectors, bad brightness?just turn it off. Wanna show a picture to someone? Just turn it off. Or keep it off but cut cover ur notifs! WHAT?",0,0,2026-02-25 22:14:11+00:00,2026-02-25T22:14:11Z,True,"They solved the issue of all privacy screen protectors, bad brightness?just turn it off. Wanna show a picture to someone? Just turn it off. Or keep it off but cut cover ur notifs! WHAT?","they solved the issue of all privacy screen protectors, bad brightness?just turn it off. wanna show a picture to someone? just turn it off. or keep it off but cut cover ur notifs! what?",0,0.0,185,34,0.15,0.81,0.04,-0.635,-0.508,negative,en,Display / Screen,keyword,1.0,4,0.748,Fake Products / Screen / Camera Concerns,"Comment: they solved the issue of all privacy screen protectors, bad brightness?just turn it off. wanna show a picture to someone? just turn it off. or keep it off but cut cover ur notifs! what? Issue Category: Display / Screen Sentiment: negative Topic: Fake Products / Screen / Camera Concerns Video: Introducing Galaxy S26 Ultra | Galaxy AI | Samsung",0.627,0.0,0.65,0.75,1.0,0.0,0.646,What are users saying about Samsung screen or display issues?,0.0036812415,0.0036812415346503258,0
