query,rag_confidence,answer,top_evidence_1,top_evidence_2,top_evidence_3,avg_weighted_score
What are users saying about Samsung battery life?,High,"**1. Direct Answer:**
Based on the retrieved comments, users have mixed opinions about Samsung battery life. Some users express dissatisfaction with the battery life, stating it is ""abysmal"" and that they are still aiming for 1-day battery life after 10 years. In contrast, others find the battery life ""amazing"" and worth the investment.

**2. Key Evidence-Based Points:**
- Some users criticize Samsung's battery life, calling it ""abysmal"" and stating that the company needs to introduce better battery technology.
- Users compare Samsung's battery life unfavorably to other devices, such as watches, trimmers, and toothbrushes, that last for multiple days or weeks.
- There are complaints about the removal of features like chargers and SD cards, which affect the overall value perception, including battery life.
- A few users defend Samsung, stating that the battery life is ""amazing"" and that they got a good deal on their phone.

**3. Confidence Explanation:**
The confidence in this answer is high due to the RAG confidence rating. However, the evidence is mixed, with both positive and negative sentiments expressed about Samsung's battery life. While some users are extremely dissatisfied, others are very satisfied. The evidence suggests that opinions on Samsung battery life vary widely among users, and there is no clear consensus. The weighted scores of the comments are relatively close, indicating a diverse range of opinions. Therefore, the answer reflects this mixed sentiment, highlighting both the criticisms and the praises of Samsung's battery life.",samsung's battery life is abysmal. they need to quickly introduce silicon carbon batteries and increase capacity.,"aiming for 1 day battery life since 10 years, is pathetic. my watch, trimmer, toothbrush etc all last for multiple days to weeks. is 2 day battery life in a phone too much to ask for? and yeah a charger in the box! which is fast. selling charger seperately for a 1300 phone is disgusting.",typical old phone user with 2 hour battery life bragging their phone is still better.,0.671
Why are users unhappy about the S-Pen?,High,"**1. Direct Answer:**
Based on the retrieved comments, users are unhappy about the S-Pen because they feel that Samsung is removing its features, such as Bluetooth, and not inventing new ones, which makes them question the point of having an S-Pen. Some users are also concerned that the removal of S-Pen support in certain devices, like the Galaxy Z Fold7, is a sign that Samsung might completely remove the S-Pen in the future.

**2. Key Evidence-Based Points:**
* Users are disappointed with the removal of S-Pen features, such as Bluetooth (Evidence 1, 5).
* The lack of S-Pen support in certain devices, like the Galaxy Z Fold7, is seen as a negative aspect (Evidence 2, 6).
* Some users speculate that the removal of S-Pen features is due to cost-cutting measures (Evidence 5).
* The slim design of devices like the Galaxy Z Fold7 might be a reason for not including S-Pen support, but this is not seen as a valid excuse by users (Evidence 3).

**3. Confidence Explanation:**
The evidence is strong, with 7 out of 8 comments expressing negative sentiments towards the S-Pen situation. The weighted scores of the comments are also relatively high, indicating a high level of confidence in the retrieved evidence. The only positive comment (Evidence 8) seems to be unrelated to the main concern about the S-Pen, which further supports the conclusion that users are unhappy with the current state of the S-Pen. Overall, the evidence suggests that users are disappointed with Samsung's handling of the S-Pen, and this sentiment is consistent across most of the retrieved comments.",if they are just going to remove the features of the s pen while also not inventing nice features or gestures for the s pen then they should have stuck to the s20 s21 ultra design and keep their note line. why even bring back the s pen at all?????????,still a red flag to me without the s pen.. what is the point having a tablet with no s pen..,"i think due to way too slim fold they removed s pen coz that may gonna make structure weak , so they took durability intothe account rather than giving s pen as additional feature.",0.714
What do users think about Galaxy AI and Gemini?,High,"**1. Direct Answer:**
Based on the retrieved comments, users have mixed opinions about Galaxy AI and Gemini. Some users appreciate the integration of Gemini with Galaxy AI, finding it seamless and functional, while others are skeptical about the usefulness of AI assistants or express negative sentiments towards Gemini.

**2. Key Evidence-Based Points:**
- Some users prefer Google apps over Samsung's own apps and think Gemini is better integrated with Google apps (Evidence 1).
- The new One UI integrates well with Gemini AI, making it a positive experience for some users (Evidence 2, Evidence 6).
- A portion of users do not care about AI assistants like Gemini, expressing negative sentiments (Evidence 3, Evidence 5).
- There are concerns about the value and usefulness of Gemini and Galaxy AI, with some considering it a potential ""flop"" (Evidence 4).
- The integration and potential paid feature of Galaxy AI with Gemini have both positive and negative reactions (Evidence 7).

**3. Confidence Explanation:**
The confidence in this answer is high, as indicated by the RAG Confidence level. However, the evidence is mixed, with both positive and negative sentiments expressed by users regarding Galaxy AI and Gemini. While some users see the potential benefits and seamless integration of Gemini with Galaxy AI, others are skeptical or outright negative about the usefulness and value of these features. This mix of opinions suggests that user reactions to Galaxy AI and Gemini are not uniform, reflecting a range of experiences and expectations.","i just wish samsung used google apps instead of their own. gmail is better, google chrome is better, google calendar is better. and both can work together for the best experience. gemini is better integrated into all google apps anyway.","actually the new one ui integrates more with gemini ai which makes it galaxy ai. it might be more seamless and more functional to others gemini ai features in others brand since the ui ux is different and it got a great performance chip snap 8 elite for galaxy which is optimized purely for this phone so it can handle massive amounts of data and complex commands. and as i understand, they have removed their own bixby and they just base gemini and make it more better with their twist.",we don't care about gemini or ai assistants. no one uses them lol.,0.685
Are users comparing Samsung with Apple?,High,"**1. Direct Answer:**
Based on the retrieved comments, yes, users are comparing Samsung with Apple. The evidence suggests that users are discussing the similarities and differences between the two brands, with some comments mentioning that Samsung has copied features from Apple, while others argue that Apple has also copied from Samsung.

**2. Key Evidence-Based Points:**
* Multiple comments (Evidence 1, 2, 4, 5, 6) mention that Samsung has copied features from Apple, with some users expressing negative sentiments towards Samsung for doing so.
* Some comments (Evidence 1, 3, 7, 8) suggest that Samsung has its own strengths and advantages over Apple, with users defending their choice of using Samsung devices.
* The comparisons between Samsung and Apple are not limited to a single aspect, but cover various topics such as design, camera, performance, and software features.

**3. Confidence Explanation:**
The confidence in this answer is high, as the evidence is strong and consistent across multiple comments. The retrieved comments provide a clear indication that users are comparing Samsung with Apple, with a range of opinions and sentiments expressed. The evidence is not mixed or limited, as the majority of comments explicitly mention the comparison between the two brands. The weighted scores of the comments also support the confidence in the answer, with most scores above 0.68. Overall, the evidence provides a reliable basis for concluding that users are indeed comparing Samsung with Apple.","weren t most of these inspired features standard android things before apple did them sure, not exactly like they were today, but apple has copied way more from samsung than vice versa and i m an iphone user.","lol they copied 80 of the oneui 7 features from ios, samsung is like a dog following apple in everything they do","funny how ppl trash talk about apple but they consistently bring considerable spec bumps to their yearly iteration of the iphone. they only look extremely similar to last year's iphone but they're definitely not the same device on the inside. this year tho, samsung built the same phone inside out. even worse they took away many small features lots of their customers used were used to have. but hey same price tag! i truly hope apple brings the heat this year tim cook saying who's laughing now, ah?",0.697
What are users saying about Samsung camera quality?,High,"**1. Direct Answer:**
Based on the retrieved comments, users have mixed opinions about Samsung camera quality, with some praising its quality and others expressing disappointment and comparing it unfavorably to other brands like Apple.

**2. Key Evidence-Based Points:**
* Some users praise Samsung's camera quality, with one comment stating that a photo taken with a Samsung looks like it was taken with a DSLR camera (Evidence 3).
* Others express disappointment with the camera quality, comparing it unfavorably to Apple (Evidence 1) or stating that their old Samsung had better quality (Evidence 5).
* A few users mention specific issues with Samsung's camera, such as over-sharpening, over-saturation, and low bitrate (Evidence 7).
* Some users also compare the camera quality of fake Samsung phones to real ones, with mixed results (Evidence 2, 4, 6, 8).

**3. Confidence Explanation:**
The evidence is mixed, with both positive and negative comments about Samsung's camera quality. However, the RAG confidence is high, indicating that the retrieved evidence is strong and reliable. The mixed opinions suggest that users have different experiences and expectations when it comes to Samsung's camera quality, and that there may be variations in quality across different Samsung models. Overall, the evidence provides a nuanced view of Samsung's camera quality, highlighting both its strengths and weaknesses.",fake samsung rear camera's photo quality is like iphone front camera's one,i watch all mrwhosetheboss video and like his work..the broblem is that i cant afford any of the phone he advice..i wish i can afford a good phone that can take quality photos..,that photo on the samsung actually looks dslr quality,0.681
What are users saying about Samsung screen or display issues?,High,"**1. Direct Answer:**
Based on the retrieved comments, users are expressing negative sentiments about Samsung screen or display issues, citing problems such as poor screen quality, damage susceptibility, and the appearance of green or blue lines on the screen.

**2. Key Evidence-Based Points:**
* Multiple users have reported issues with Samsung screen quality, with some stating it is ""worst"" and prone to damage (Evidence 2).
* Some users have experienced problems with their Samsung screens, including green or blue lines appearing on the display (Evidence 6, Evidence 8).
* Users are also expressing disappointment with the lack of difference in screen quality between different Samsung models (Evidence 1, Evidence 3, Evidence 7).

**3. Confidence Explanation:**
The evidence is strong, with a high RAG confidence score and a consistent negative sentiment across most comments. The majority of the retrieved comments (7 out of 8) express negative sentiments about Samsung screen or display issues, suggesting a clear trend in user opinions. However, it is essential to note that this evidence is limited to a specific set of YouTube comments and may not be representative of the entire user community.",not much of a difference on the screen ? my guy are you blind ?,screen quality is worst! every small things can and will damage it. and samsung do not include it in warrant.. they know that shiny internal display.,when you first boot it up you can't tell that much of a difference apart from the quality of the screen. umm.. what!?,0.65
