query,strategy_goal,answer,top_issue_1,top_issue_2,top_issue_3,avg_strategy_retrieval_score,avg_goal_relevance_score
How should Samsung design the S27 Ultra for maximum customer satisfaction?,customer_satisfaction,"1. **Direct strategic recommendation**

Design the **S27 Ultra as a “no-compromise Ultra”** that restores the features customers associate with the Ultra brand and improves the areas where users feel recent models have regressed: **battery, S-Pen, camera, and display durability**. The evidence shows that customer satisfaction is driven less by incremental software additions and more by **visible hardware value, real-world endurance, and flagship differentiation**.

---

2. **Top 5 feature/product priorities**

### 1) Battery and charging
- Improve **battery capacity**
- Increase **charging speed**
- Improve **thermal efficiency**
- Optimize **real-world battery life**

### 2) S-Pen restoration and productivity
- Restore **Bluetooth gestures**
- Restore **remote shutter**
- Restore **productivity tools**
- Keep the S-Pen as an **Ultra-defining feature**

### 3) Camera hardware and imaging experience
- Improve **camera consistency**
- Improve **low-light quality**
- Improve **video processing**
- Improve **camera app usability**
- Address expectations for stronger **zoom capability**

### 4) Display durability and trust
- Improve **display durability**
- Reduce **green-line risk**
- Improve **screen protection**
- Refine **privacy display features**

### 5) Preserve Ultra differentiation
- Ensure the device feels like a **premium flagship upgrade**, not a software-only refresh
- Avoid removing features that users see as part of the Ultra identity

---

3. **Reasoning from customer feedback evidence**

### Battery / charging
Customers explicitly say the battery “hasn’t changed at all” and want **longer real-world battery life, better charging, and fewer power-related compromises**. This is a high-priority satisfaction issue because users interpret battery stagnation as a lack of meaningful progress.

### S-Pen
Multiple comments show strong negative reaction to **reduced S-Pen functionality**, especially Bluetooth-related features. The evidence says users are concerned about removed or reduced S-Pen support and want **Bluetooth gestures, remote shutter, and productivity tools** restored. This is also tied to brand identity: users say the S-Pen is “a part of the brand now.”

### Camera
Users are dissatisfied when camera upgrades feel minimal or when zoom capability is reduced. The evidence points to demand for **better camera consistency, low-light quality, video processing, and camera app usability**. Camera remains a major purchase driver for flagship buyers.

### Display
Users mention concerns about **screen quality, durability, green lines, privacy display, and accidental touches**. The evidence recommends improving **display durability and screen protection**, which directly affects trust and long-term satisfaction.

### Overall product perception
Several comments indicate frustration that newer Ultra models feel like they “give you less and less with each iteration.” That means the S27 Ultra should be designed to **restore confidence in the Ultra tier** through tangible hardware improvements, not just software features.

---

4. **Expected impact on customer satisfaction or profit**

## Customer satisfaction logic
Highest satisfaction impact will come from:
- **Battery improvements**: users feel this every day
- **S-Pen restoration**: strong loyalty impact among Ultra and Note-series users
- **Camera improvements**: high purchase influence for flagship buyers
- **Display durability**: improves trust and reduces frustration

## Profit logic
The evidence supports using these same improvements to justify premium pricing:
- Position **battery life** as a premium productivity and gaming feature
- Position **camera upgrades** as premium creator features
- Use **enhanced S-Pen** and **display durability/privacy** as Ultra-exclusive differentiators

This supports both retention and willingness to pay, especially among users who are comparing the Ultra against other flagships.

---

5. **Risks or trade-offs**

- **Feature restoration may increase cost and complexity** if Samsung tries to bring back advanced S-Pen functions while maintaining slim design goals.
- **Battery and thermal improvements** may require internal space trade-offs.
- **Camera upgrades** can raise bill of materials and may require careful tuning to avoid inconsistent results.
- **Display durability improvements** may add cost, but the evidence suggests trust damage from display issues is a meaningful risk.
- If Samsung continues to emphasize software-only value, users may continue to perceive the Ultra as **less special** and less worth the premium.

---

6. **Final S27 Ultra phased product roadmap recommendation**

### Phase",Battery / Charging,S-Pen / Features,Camera,0.766,1.0
How should Samsung design the S27 Ultra for maximum profit?,profit,"## 1. Direct strategic recommendation

Design the S27 Ultra as a **clearly premium, visibly upgraded Ultra** that justifies its price with **meaningful, easy-to-understand value improvements**. The evidence consistently shows that users will pay premium pricing **only when the upgrade is obvious and worth it**; otherwise they compare it against older Ultra models and conclude that the newer device is “not worth it” or “meh.”

For maximum profit, Samsung should **protect premium pricing, but only pair it with upgrades customers can immediately recognize as worth the extra spend**.

---

## 2. Top 5 feature/product priorities

1. **Meaningful flagship upgrades that are easy to perceive**
   - Prioritize improvements that make the S27 Ultra feel clearly better than prior Ultra generations.

2. **Storage/value positioning**
   - Users explicitly mention upgrading for more storage and hesitating when the value is unclear.

3. **Feature retention, not removal**
   - Avoid removing features that users associate with Ultra value, because that weakens willingness to pay premium pricing.

4. **High-value creator and productivity features**
   - Evidence shows creator-oriented tools can be compelling when they are practical and differentiated.

5. **Strong price-to-value communication**
   - The product should be marketed around why it is worth the premium, not just that it is the newest model.

---

## 3. Reasoning from customer feedback evidence

The retrieved evidence is highly consistent:

- Users repeatedly compare the newest Ultra against older models and ask whether the price is justified.
- Several comments indicate that older Ultras are seen as **better value for money** when the newer model does not deliver enough visible improvement.
- One user explicitly says they are ready to upgrade, but **“just haven’t bitten the bullet”** because they do not know if the newer Ultra is worth it.
- Another says the newer model is **hard to justify paying more for** when an older Ultra is cheaper and still strong.
- A creator-focused comment shows that **practical, differentiated features** can create willingness to buy even at premium price points.

### What this means strategically
- **Profit logic:** Samsung can keep premium pricing, but only if the S27 Ultra has visible high-value features that reduce price resistance.
- **Customer satisfaction logic:** Users want to feel that the upgrade is meaningful, not incremental or cosmetic.

---

## 4. Expected impact on customer satisfaction or profit

### Customer satisfaction impact
- Higher satisfaction if the S27 Ultra feels like a true upgrade.
- Lower frustration from buyers comparing it to older Ultras.
- Better upgrade confidence for users moving from older devices.

### Profit impact
- Better conversion at premium price points.
- Reduced cannibalization by older Ultra models if the S27 Ultra is clearly differentiated.
- Stronger willingness to upgrade among existing Samsung users who are currently hesitating.

---

## 5. Risks or trade-offs

1. **If upgrades are not obvious, premium pricing will be resisted**
   - The evidence shows users quickly compare against cheaper older Ultras.

2. **If Samsung removes valued features, perceived value drops**
   - That weakens upgrade willingness and can push users to older models.

3. **Over-indexing on price without visible value can hurt sales**
   - Users may choose prior-generation devices instead.

4. **Too much focus on one niche feature may not be enough**
   - The product needs a broader value story, not just one standout capability.

---

## 6. Final S27 Ultra phased product roadmap recommendation

### Phase 1: Define the value proposition
- Establish the S27 Ultra as a **clear premium upgrade**, not a minor refresh.
- Identify the few features that will most strongly justify the price.
- Ensure the product story is built around “worth the upgrade.”

### Phase 2: Build visible, meaningful upgrades
- Prioritize improvements that users can immediately understand and appreciate.
- Focus on features that strengthen the Ultra’s value versus older models.
- Preserve features users already associate with Ultra-level value.

### Phase 3: Optimize pricing and packaging
- Keep premium pricing, but align it with the visible upgrade set.
- Use storage tiers and feature bundles to make the value proposition easier to accept.
- Avoid pricing that makes older Ultras look like the smarter purchase.

### Phase 4: Communicate upgrade justification clearly
- Market the S27 Ultra around concrete reasons to upgrade.
- Emphas",Price / Value,Price / Value,Price / Value,0.775,1.0
What features should Samsung prioritize in the S27 Ultra?,balanced,"## 1. Direct strategic recommendation

Samsung should prioritize the S27 Ultra as a **“no-compromise Ultra”** by restoring and strengthening the features that most clearly differentiate the Ultra line: **advanced S-Pen functionality, flagship camera performance, and stronger battery/charging experience**. The evidence shows that Ultra buyers care not just about specs, but about **unique premium utility** and the feeling that the Ultra is the best phone Samsung makes.

---

## 2. Top 5 feature/product priorities

### 1) Restore advanced S-Pen features
Prioritize:
- Bluetooth gestures
- Remote shutter
- Productivity tools

### 2) Improve camera consistency and creator usability
Prioritize:
- Better low-light quality
- Better video processing
- Better camera app usability
- More consistent camera performance

### 3) Improve battery life and charging experience
Prioritize:
- Better real-world battery life
- Faster charging
- Better thermal efficiency
- Better power optimization

### 4) Strengthen Ultra-exclusive premium positioning
Prioritize:
- Features that clearly separate Ultra from non-Ultra models
- Messaging that the Ultra is the “undisputed best phone”
- Premium creator and productivity value

### 5) Improve AI usefulness and overall device smoothness
Prioritize:
- AI features that are actually useful in daily use
- Smooth performance and responsive experience

---

## 3. Reasoning from customer feedback evidence

### S-Pen is a major loyalty issue
The evidence repeatedly shows concern about **removed or reduced S-Pen functionality**, especially Bluetooth support. Users specifically mention:
- Bluetooth support being missing
- Remote shutter being a key use case
- The Ultra losing its “no compromise” identity

This suggests the S-Pen is not just a niche accessory; for Ultra owners, it is part of the product’s premium promise.

### Camera remains a flagship expectation
Users say the Ultra should be the **best phone you can buy**, and camera quality is central to that expectation. The feedback points to:
- Camera consistency
- Low-light performance
- Video processing
- Camera app usability

This means Samsung should not treat camera upgrades as incremental only; they are core to flagship credibility.

### Battery and charging affect daily satisfaction
The evidence shows users want:
- Longer real-world battery life
- Better charging
- Fewer power-related compromises

This is important because battery performance affects everyday satisfaction more directly than many headline specs.

### Premium differentiation matters for upgrade intent
Several comments indicate that users with S23/S24 Ultra feel their current device is already good enough. That means the S27 Ultra needs **clear, meaningful differentiation** to drive upgrades. The strongest differentiators in the evidence are:
- S-Pen functionality
- Camera leadership
- Battery improvements
- Useful AI

---

## 4. Expected impact on customer satisfaction or profit

### Customer satisfaction logic
- **Restoring S-Pen features** should improve loyalty among Ultra and Note-series users.
- **Camera improvements** should increase satisfaction among flagship buyers and creators.
- **Battery improvements** should reduce frustration and improve daily usability.
- **Useful AI and smooth performance** should improve perceived value and reduce upgrade hesitation.

### Profit logic
- Enhanced S-Pen features can serve as an **Ultra-exclusive differentiator**, helping justify premium pricing.
- Camera upgrades can be marketed as **premium creator features**, supporting flagship positioning.
- Battery and performance improvements can strengthen the value proposition for higher-priced models.
- Better differentiation can improve upgrade conversion from existing Ultra owners who otherwise may wait longer to replace their phones.

---

## 5. Risks or trade-offs

1. **Feature restoration may increase complexity and cost**
   - Reintroducing advanced S-Pen capabilities may add engineering and product cost.

2. **Too many incremental changes may not be enough**
   - Users already with S23/S24 Ultra may still not upgrade unless improvements are clearly meaningful.

3. **Premium positioning depends on visible differentiation**
   - If the S27 Ultra feels too similar to prior models, it may weaken the Ultra brand promise.

4. **Balancing broad appeal vs. niche power-user value**
   - Some S-Pen features may be used by a smaller group, but the evidence shows they carry outsized loyalty value.

5. **Camera and battery expectations are high**
   - If Samsung promotes these areas without delivering noticeable real-world gains, dissatisfaction could",S-Pen / Features,S-Pen / Features,Camera,0.785,1.0
What product roadmap should Samsung follow for the next Ultra phone?,balanced,"## 1. Direct strategic recommendation

Samsung should keep the next Ultra phone positioned as a **“no-compromise flagship”** and prioritize the features that users explicitly associate with Ultra value: **camera leadership, advanced S-Pen functionality, and stronger battery/charging performance**.

The evidence suggests that buyers do **not** want incremental cosmetic changes or feature removals. They want the Ultra to feel meaningfully better than lower tiers and to justify its premium price through **real-world performance and flagship exclusivity**.

---

## 2. Top 5 feature/product priorities

### 1) Camera consistency and creator-grade video
- Improve **low-light quality**, **video processing**, **camera consistency**, and **camera app usability**.
- Market these as premium creator features.

### 2) Restore advanced S-Pen functionality
- Bring back or preserve **Bluetooth gestures**, **remote shutter**, and other productivity tools.
- Keep S-Pen as a true Ultra differentiator.

### 3) Battery life, charging, and thermal efficiency
- Improve **real-world battery life**, **charging speed**, **thermal efficiency**, and overall power optimization.

### 4) Preserve the “no compromise” Ultra identity
- Avoid removing features that users see as part of the Ultra promise.
- Reinforce that the Ultra is the phone for users who want the best and expect longevity.

### 5) Software support and long-term value messaging
- Emphasize long software support and the ability to keep the phone for multiple years.
- This aligns with users who expect a flagship to remain capable over time.

---

## 3. Reasoning from customer feedback evidence

### Camera
Users repeatedly say the Ultra should be the **best phone you can buy**, and camera performance is central to that expectation. The feedback specifically calls for:
- better camera consistency,
- better low-light performance,
- better video processing,
- better camera app usability.

This is high purchase-influence feedback, especially for flagship buyers.

### S-Pen
Users strongly object to **Bluetooth downgrade/removal** and describe the Ultra as a device that should not lose features over time. They specifically value:
- photo capture from a distance,
- remote shutter,
- productivity gestures.

The feedback frames S-Pen as part of the Ultra’s identity, not a niche accessory.

### Battery / charging
Users want the Ultra to be a **powerhouse** with fewer compromises. They ask for:
- longer real-world battery life,
- better charging,
- better thermal efficiency.

There is also clear evidence that some users stay on older Ultra devices because battery and capability remain sufficient, which means Samsung must create a stronger reason to upgrade.

### Long-term value
Users expect a premium phone to last multiple years and not become obsolete quickly. This supports a roadmap focused on durability, support, and sustained performance rather than short-lived novelty.

---

## 4. Expected impact on customer satisfaction or profit

### Customer satisfaction logic
- **Camera improvements** will directly raise satisfaction among flagship buyers who expect the best imaging experience.
- **S-Pen restoration** will reduce disappointment among loyal Ultra and Note-style users.
- **Battery and charging improvements** will improve daily usability and reduce frustration.
- **Long-term value messaging** will strengthen trust and reduce upgrade resistance.

### Profit logic
- Camera upgrades can be marketed as **premium creator features**, supporting flagship pricing.
- Enhanced S-Pen features can serve as an **Ultra-exclusive differentiator**, helping Samsung defend premium margins.
- Better battery and performance can justify the Ultra’s price by reinforcing productivity and gaming value.
- A stronger “no compromise” identity can improve loyalty and reduce defection to competitors.

---

## 5. Risks or trade-offs

1. **Feature removal backlash**
   - Removing or downgrading S-Pen features risks alienating loyal Ultra users.

2. **Incrementalism risk**
   - Small cosmetic changes without meaningful camera, battery, or feature gains may reinforce the perception that the Ultra is not improving enough.

3. **Premium pricing pressure**
   - If Samsung charges a flagship price, users expect flagship-level differentiation. Weak upgrades may hurt upgrade intent.

4. **Positioning dilution**
   - If the Ultra starts to resemble a generic premium phone, it loses the distinct identity users value.

5. **Trade-off between broad appeal and power-user depth**
   - Samsung should avoid optimizing only for mass-market simplicity if it weakens",Camera,S-Pen / Features,S-Pen / Features,0.802,1.0
How can Samsung reduce customer complaints in the next flagship?,customer_satisfaction,"## 1. Direct strategic recommendation

Samsung should reduce complaints in the next flagship by **focusing on fewer removals, stronger core hardware, and clearer premium value**.  
The evidence shows the strongest complaint drivers are:

- **Battery / charging compromises**
- **Removed or reduced S-Pen functionality**
- **Display durability and privacy concerns**
- **Perceived downgrade versus prior models**
- **Perceived nickel-and-diming on features and subscriptions**

The most effective complaint-reduction strategy is to **restore trust in flagship value** by improving the features customers most visibly notice in daily use, especially battery, charging, display, and S-Pen functionality.

---

## 2. Top 5 feature/product priorities

### 1) Battery capacity, charging speed, and thermal efficiency
**Priority reason:** This is the most repeated complaint theme in the evidence.  
Customers explicitly mention:
- battery not changing
- 45W being too slow for a flagship
- no high-density battery
- disappointment with power-related compromises

### 2) Restore advanced S-Pen functionality
**Priority reason:** Users strongly react to the removal of Bluetooth and related productivity features.  
Evidence points to demand for:
- Bluetooth gestures
- remote shutter
- productivity tools

### 3) Improve display durability and screen protection
**Priority reason:** Screen issues are tied to trust and daily satisfaction.  
Customers mention:
- green-line risk
- accidental touches
- screen protection concerns
- privacy display as a positive differentiator

### 4) Strengthen premium value perception
**Priority reason:** Many complaints are not only about specs, but about feeling downgraded while paying more.  
Customers object to:
- higher price with fewer features
- “cutting corners”
- “nickel and diming”
- subscription-based AI concerns

### 5) Reduce feature removals and preserve flagship completeness
**Priority reason:** The evidence repeatedly shows frustration when Samsung removes things customers expect in a premium device.  
Examples include:
- charger removal
- memory card slot removal
- headphone jack removal
- reduced S-Pen features

---

## 3. Reasoning from customer feedback evidence

### Battery / charging is the clearest complaint cluster
The evidence repeatedly says customers want:
- longer real-world battery life
- better charging
- fewer power compromises

Specific complaints include:
- “battery hasn’t changed at all”
- “45W is freaking slow for flagship”
- “no high density battery”
- frustration about charger removal and charging-related cost cutting

**Interpretation:** Battery and charging are not just technical specs; they are a direct signal of whether the flagship feels worth its price.

### S-Pen reduction creates loyalty risk
Customers complain about:
- no Bluetooth in S-Pen
- missing accessories
- reduced productivity value

**Interpretation:** This is especially important for Ultra and Note-style users, who appear to value the device as a productivity tool, not just a phone.

### Display quality and protection matter to trust
The evidence shows positive reaction to privacy display, but also concern about:
- screen durability
- green lines
- accidental touches

**Interpretation:** Display improvements can reduce complaints and also create a premium differentiator.

### Customers are reacting to perceived downgrade, not just missing features
Several comments say the phone feels worse than the previous year despite a higher price.

**Interpretation:** Complaint reduction requires not only adding features, but also avoiding any perception that the new flagship is a step backward.

---

## 4. Expected impact on customer satisfaction or profit

### Customer satisfaction impact
Highest impact actions:
- Better battery and charging
- Restored S-Pen features
- Stronger display durability
- Fewer removals

These directly address the most emotional complaints and should reduce dissatisfaction quickly.

### Profit logic
The evidence also supports a premium positioning strategy:
- Strong battery life can be marketed as a productivity and gaming advantage
- Enhanced S-Pen can justify Ultra-tier pricing
- Privacy display and durability can serve as premium differentiators

**Important distinction:**  
- **Customer satisfaction logic:** reduce frustration, restore trust, prevent downgrade perception  
- **Profit logic:** use those same improvements to justify premium pricing and protect flagship margins

---

## 5. Risks or trade-offs

1) **Higher bill of materials**
   - Better battery, charging, display protection, and S-Pen features may increase",Battery / Charging,Display / Screen,S-Pen / Features,0.787,1.0
