original_query,strategy_goal,user_feedback,original_answer,refined_answer,avg_strategy_retrieval_score,avg_goal_relevance_score
How should Samsung design the S27 Ultra for maximum customer satisfaction?,customer_satisfaction,"No, Phase 1 should also include camera improvement because creators care about camera quality.","1. **Direct strategic recommendation**

Design the S27 Ultra as a **“no-compromise Ultra”** that restores the features customers associate with the Ultra brand: **stronger battery life, advanced S-Pen functionality, and meaningful camera upgrades**, while also improving **display durability** and **real-world performance consistency**.

The customer feedback shows a clear dissatisfaction pattern: users feel recent Ultra generations have delivered **less innovation**, **weaker S-Pen value**, and **insufficient hardware upgrades**. For maximum customer satisfaction, Samsung should prioritize **restoring trust in the Ultra identity** rather than relying mainly on software or AI features.

---

2. **Top 5 feature/product priorities**

### 1) Battery and charging leadership
- Improve **battery capacity**
- Increase **charging speed**
- Improve **thermal efficiency**
- Optimize **real-world battery life**

### 2) Restore advanced S-Pen functionality
- Bring back **Bluetooth gestures**
- Restore **remote shutter**
- Add or strengthen **productivity tools**

### 3) Meaningful camera hardware and imaging improvements
- Improve **camera consistency**
- Improve **low-light quality**
- Improve **video processing**
- Improve **camera app usability**
- Address expectations for stronger zoom and flagship camera performance

### 4) Display durability and screen trust
- Improve **display durability**
- Reduce **green-line risk**
- Improve **screen protection**
- Refine **privacy display features**

### 5) Preserve Ultra differentiation
- Make the S27 Ultra feel **special and premium**
- Ensure the device does not feel like a downgrade versus prior Ultra generations
- Reinforce the Ultra as the model with the most complete feature set

---

3. **Reasoning from customer feedback evidence**

### Battery / charging
Customers explicitly say the battery “hasn’t changed at all” and want **longer real-world battery life, better charging, and fewer power-related compromises**. This is a high-priority satisfaction issue because users are comparing the device against prior models and expecting visible improvement.

### S-Pen
Multiple comments show strong emotional attachment to the S-Pen, including concern that it is “part of the brand now.” The evidence consistently recommends restoring **Bluetooth gestures, remote shutter, and productivity tools**. This is not just a feature request; it is tied to **Ultra loyalty** and brand identity.

### Camera
Users are dissatisfied with camera changes and want **real flagship camera performance**. The evidence points to improving **consistency, low-light quality, video processing, and usability**, while also reflecting expectations for stronger hardware upgrades. Camera quality remains a major purchase driver for flagship buyers.

### Display
Users mention concerns around **screen quality, durability, green lines, privacy display, and accidental touches**. The evidence recommends improving **durability and protection**, which directly supports trust and long-term satisfaction.

### Overall product sentiment
The feedback repeatedly frames recent Ultra devices as **less innovative** and “giving less and less with each iteration.” That means the S27 Ultra should be designed to feel like a **clear step forward**, not a minor refresh.

---

4. **Expected impact on customer satisfaction or profit**

## Customer satisfaction impact
Highest impact areas:
- **Battery and charging**: immediate daily-use benefit, strong satisfaction lift
- **S-Pen restoration**: strong loyalty impact among Ultra and Note-series users
- **Camera improvements**: high purchase influence for flagship buyers
- **Display durability**: improves trust and reduces frustration

## Profit logic
The evidence also supports premium positioning:
- Stronger battery life can be marketed as a **premium productivity and gaming feature**
- Enhanced S-Pen can serve as an **Ultra-exclusive differentiator**
- Camera upgrades can be positioned as **premium creator features**
- Display durability and privacy features can support **premium differentiation**

In short: **customer satisfaction improves when the Ultra feels complete again; profit improves when those same features justify flagship pricing.**

---

5. **Risks or trade-offs**

- **Feature restoration may increase cost and complexity**  
  Reintroducing advanced S-Pen features and stronger hardware can raise product cost and engineering effort.

- **Battery and thermal improvements may require design trade-offs**  
  Better battery life and charging can affect internal space, heat management, or device thickness.

- **Camera upgrades must be meaningful, not cosmetic**  
  Users are already skeptical of minor changes. Small improvements","1. **What changed based on the user’s feedback**

You’re right: **camera improvement should move into Phase 1** alongside battery and S-Pen restoration.

The revised logic is:
- **Creators care about camera quality immediately**, not as a later premium add-on.
- The evidence already shows **camera is a high-priority purchase driver** and users want **meaningful imaging upgrades**, not cosmetic changes.
- So Phase 1 should cover the **core satisfaction drivers** that most directly affect daily use and buying intent:
  - battery / charging
  - advanced S-Pen features
  - camera improvements

---

2. **Updated phased roadmap**

## Phase 1: Immediate Priority
Focus on the features most likely to restore trust in the Ultra brand and drive immediate satisfaction.

- **Battery and charging leadership**
  - Improve battery capacity
  - Increase charging speed
  - Improve thermal efficiency
  - Optimize real-world battery life

- **Restore advanced S-Pen functionality**
  - Bring back Bluetooth gestures
  - Restore remote shutter
  - Strengthen productivity tools

- **Camera improvement for creators**
  - Improve camera consistency
  - Improve low-light quality
  - Improve video processing
  - Improve camera app usability
  - Address expectations for stronger zoom and flagship-level imaging

## Phase 2: Feature Enhancement
Build on the core experience with trust and usability improvements.

- **Display durability and screen trust**
  - Improve display durability
  - Reduce green-line risk
  - Improve screen protection
  - Refine privacy display features

- **Refine overall performance consistency**
  - Ensure the device feels smooth under heavy use
  - Reduce thermal throttling during camera, gaming, and multitasking workloads

## Phase 3: Premium Positioning
Use the strongest features to justify Ultra pricing and reinforce differentiation.

- Position **battery life** as a premium productivity and gaming advantage
- Position **S-Pen** as an Ultra-exclusive productivity differentiator
- Position **camera upgrades** as creator-focused flagship value
- Position **display durability and privacy features** as premium trust signals

## Phase 4: Launch & Feedback Monitoring
Validate whether the S27 Ultra is being perceived as a true upgrade.

- Monitor feedback on:
  - battery life in real-world use
  - S-Pen feature satisfaction
  - camera quality for creators and everyday users
  - display reliability and durability
- Track whether users still describe the phone as:
  - “complete”
  - “worth the upgrade”
  - “a real Ultra”
- Use launch feedback to prioritize software tuning and any post-launch refinements

---

3. **Evidence-based justification**

### Why camera belongs in Phase 1
The retrieved evidence shows camera is not a secondary concern. It is a **high purchase influence area**, especially for flagship buyers and creators.

Relevant signals include:
- Users asking for **meaningful hardware camera upgrades**
- Complaints that recent models felt like a **downgrade**
- Requests for better **low-light quality, video processing, and camera usability**
- Strong emotional reactions to the loss of **10x zoom** and lack of visible camera progress

This supports moving camera improvement into the **immediate priority phase**, because creators and flagship buyers evaluate the phone on imaging quality from day one.

### Why battery and S-Pen remain in Phase 1
The evidence repeatedly shows:
- Users want **longer real-world battery life** and **better charging**
- Users strongly value the **S-Pen as part of the Ultra identity**
- Restoring advanced S-Pen features is tied to **loyalty and premium differentiation**

These are core satisfaction drivers, not optional extras.

### Why display and performance sit in Phase 2
Display durability and performance consistency are important, but the evidence suggests they are slightly less urgent than battery, S-Pen, and camera. They still matter for trust and long-term satisfaction, so they belong in the next phase.

---

4. **Trade-offs or risks**

- **Phase 1 becomes more expensive and complex**
  - Adding camera improvements to the immediate priority phase increases engineering scope and cost.

- **Camera upgrades must be meaningful**
  - Users are skeptical of minor changes, so Samsung should avoid cosmetic camera updates and focus on visible gains in quality and usability.

- **Balancing battery, camera, and S-Pen may create design constraints",0.766,1.0
How should Samsung design the S27 Ultra for maximum profit?,profit,Make the roadmap more profit-focused and move premium AI features earlier.,"1. **Direct strategic recommendation**

Design the **S27 Ultra as a clearly premium, visibly upgraded Ultra**, not as a marginal refresh. The evidence shows that customers are willing to pay premium prices **only when the upgrade is obvious and meaningful**. For maximum profit, Samsung should protect premium pricing by making the S27 Ultra feel like a strong value proposition versus prior Ultras and against buying older models at lower prices.

---

2. **Top 5 feature/product priorities**

1. **Meaningful flagship upgrades that are easy to understand**
   - The strongest repeated signal is that users hesitate when the new Ultra feels “not worth it” or “meh.”
   - Priority: deliver upgrades that customers can immediately recognize as worth paying for.

2. **Preserve or enhance high-value differentiators**
   - Evidence specifically mentions the **Bluetooth pen** as a “huge tool” for a content creator.
   - Priority: keep standout Ultra features that support premium justification.

3. **Storage/value positioning**
   - One user said they were ready to upgrade “mostly for more storage,” but still had not purchased because value was unclear.
   - Priority: make storage tiers and value trade-offs more compelling.

4. **Avoid feature removal that weakens perceived value**
   - Users compare newer models against older ones and sometimes prefer older Ultras because they feel better value for money.
   - Priority: do not reduce the feature set in ways that make the S27 Ultra look like a downgrade in value.

5. **Clear premium justification in marketing and product packaging**
   - Customers repeatedly compare the Ultra to cheaper prior-generation Ultras and ask whether the new model is worth the extra money.
   - Priority: make the value story explicit through product design and launch messaging.

---

3. **Reasoning from customer feedback evidence**

### Customer satisfaction logic
- Users consistently evaluate whether the Ultra is **worth the price**.
- Several comments show hesitation to upgrade because the newer model does not feel sufficiently better than older Ultras.
- Some users explicitly say older models are **better value for money**, which means satisfaction depends on the feeling that the new device is a real step up.
- The Bluetooth pen example shows that customers value features that improve real-world use, especially for creators and power users.

### Profit logic
- The evidence strongly suggests Samsung can maintain premium pricing **only if the S27 Ultra has visible high-value features**.
- If the device feels incremental, customers will choose older Ultras or used devices instead, reducing willingness to pay.
- Profit is therefore maximized by increasing perceived value, not by relying on brand alone.
- The best profit strategy is to make the S27 Ultra the model customers feel they **should upgrade to**, rather than the model they can safely skip.

---

4. **Expected impact on customer satisfaction or profit**

### Customer satisfaction impact
- Higher satisfaction if the S27 Ultra feels like a meaningful upgrade.
- Better upgrade confidence for users coming from older Ultras.
- Reduced frustration from paying premium prices for limited gains.

### Profit impact
- Higher conversion to the newest Ultra if the value gap is clear.
- Better ability to defend premium pricing.
- Lower cannibalization by older Ultra models if the S27 Ultra’s benefits are obvious enough to justify the price difference.

---

5. **Risks or trade-offs**

- **Risk of overpricing without enough differentiation**
  - Customers may continue buying older Ultras or used devices if the S27 Ultra feels too similar to prior models.

- **Risk of feature bloat without clear value**
  - Adding features that are not easily understood may not improve willingness to pay.

- **Risk of removing beloved features**
  - Any reduction in practical Ultra features can weaken the premium story and hurt upgrade intent.

- **Trade-off between margin and adoption**
  - A higher price can support margin, but only if the product visibly earns that price.

---

6. **Final S27 Ultra phased product roadmap recommendation**

### Phase 1: Define the premium value proposition
- Identify the few features that will make the S27 Ultra feel unquestionably worth the Ultra price.
- Prioritize upgrades that are easy for customers to understand and explain.
- Protect the features that reinforce the Ultra identity.

### Phase 2: Build visible, high-value differentiators
- Focus engineering on upgrades that customers can immediately notice in daily use.
- Strengthen creator and power-user value, including productivity-oriented features like the pen experience.
- Ensure","1. **What changed based on the user’s feedback**

I shifted the roadmap to be **more explicitly profit-focused** and moved **premium AI features earlier** in the sequence.

- **Profit focus increased:** The roadmap now prioritizes features that can better justify premium pricing, improve upgrade conversion, and reduce the chance that customers choose older Ultras instead.
- **Premium AI moved up:** Instead of treating AI as a later enhancement, it is now positioned as an early differentiator that can help Samsung defend the Ultra price and create a clearer reason to upgrade.
- **Value justification remains central:** The evidence still strongly suggests that customers will pay more only if the S27 Ultra feels meaningfully better than prior models.

---

2. **Updated phased roadmap**

### Phase 1: Immediate Priority
**Define and launch the clearest premium value story**
- Make the S27 Ultra feel like a **must-upgrade Ultra**, not a minor refresh.
- Prioritize a small number of **high-visibility, high-value features** that are easy for customers to understand.
- Move **premium AI features** into the core product story early, especially if they improve productivity, content creation, or daily convenience.
- Protect the most valued Ultra differentiators, including productivity-oriented features like the pen experience.
- Avoid any feature removals that could make the device feel cheaper or less capable than prior Ultras.

### Phase 2: Feature Enhancement
**Build AI-led differentiation that supports premium pricing**
- Expand premium AI capabilities that create clear everyday utility, such as:
  - content creation assistance
  - productivity workflows
  - travel or creator support
  - smarter device automation
- Ensure these AI features are not just marketing claims, but visible in real use.
- Strengthen storage/value tiers so customers feel the price increase is justified by practical benefits.
- Focus on upgrades that are easy to explain in one sentence and easy to demonstrate in-store or in ads.

### Phase 3: Premium Positioning
**Use AI and flagship features to defend margin**
- Position the S27 Ultra as the model for users who want the best Samsung experience and are willing to pay for it.
- Bundle premium AI features with the Ultra identity to support higher willingness to pay.
- Emphasize why the S27 Ultra is worth more than older Ultras or used alternatives.
- Keep the product clearly above lower-tier models so the Ultra price remains defensible.

### Phase 4: Launch & Feedback Monitoring
**Track whether the premium story is converting**
- Monitor whether customers say the S27 Ultra is “worth it” more often than prior Ultras.
- Watch upgrade intent from older Ultra owners and first-time Ultra buyers.
- Track whether premium AI features are actually influencing purchase decisions.
- If customers still compare the S27 Ultra unfavorably to older models, adjust messaging or feature emphasis quickly.

---

3. **Evidence-based justification**

The evidence consistently shows that customers are making purchase decisions based on **price-to-value judgment**. Many comments indicate hesitation when a newer Ultra does not feel sufficiently better than an older one. That means Samsung cannot rely on brand strength alone; it needs **visible, meaningful differentiation** to support premium pricing.

The request to move **premium AI features earlier** is supported as a profit strategy if those features are:
- easy to understand,
- clearly useful,
- and tied to real-world value.

This is especially relevant because the evidence includes users valuing:
- productivity tools,
- creator use cases,
- and features that make the phone feel more capable and worth the extra money.

So, from a profit perspective, premium AI should be treated as an **early value-justification lever**, not a late add-on.

---

4. **Trade-offs or risks**

- **Risk of overpromising AI value:** If premium AI features are marketed heavily but feel gimmicky, customers may become more skeptical of the Ultra price.
- **Risk of feature complexity:** Too many AI features can confuse buyers if the value story is not simple.
- **Risk of cannibalizing older models:** If the S27 Ultra is not clearly better, customers may continue buying older Ultras at lower prices.
- **Risk of margin pressure:** Adding premium AI capabilities early may increase development cost, so Samsung must ensure the features materially improve willingness to pay.

Balanced approach: prioritize only the AI features that are **highly visible, easy to demo, and directly tied to productivity or creator value**.

",0.775,1.0
How can Samsung reduce customer complaints in the next flagship?,customer_satisfaction,Add display durability and green line prevention to Phase 1.,"1. **Direct strategic recommendation**

Samsung should reduce complaints in the next flagship by **focusing on visible “no-compromise” hardware improvements**, especially in **battery/charging, display quality/durability, and S Pen functionality**. The evidence shows that complaints are driven less by isolated defects and more by a broader perception that Samsung is **removing features, charging more, and not improving core flagship value**.

For customer satisfaction, the priority is to **restore trust by improving the fundamentals**. For profit, Samsung should **frame these improvements as premium differentiators** rather than cost-only upgrades.

---

2. **Top 5 feature/product priorities**

### 1) Battery capacity, charging speed, and thermal efficiency
- Improve real-world battery life
- Increase charging speed
- Reduce thermal compromises
- Optimize battery performance in daily use

### 2) Restore advanced S Pen functionality
- Bring back Bluetooth gestures
- Restore remote shutter and productivity tools
- Preserve Ultra-exclusive utility

### 3) Display durability and screen protection
- Reduce green-line risk
- Improve screen durability
- Refine privacy display features
- Address accidental touch and protection concerns

### 4) Reduce feature removal / “downgrade” perception
- Avoid removing core flagship features
- Minimize complaints about missing charger, memory card slot, or reduced accessories
- Ensure the product feels like a true upgrade versus prior models

### 5) Strengthen premium value communication
- Position battery, display, and S Pen as flagship-level advantages
- Make the value proposition clear against competitors
- Reduce “nickel-and-diming” sentiment around paid AI or missing accessories

---

3. **Reasoning from customer feedback evidence**

The retrieved evidence consistently points to a few recurring complaint themes:

### Battery and charging are the strongest complaint cluster
Multiple comments criticize:
- no battery improvement
- slow charging
- removal of the charger
- perceived cost-cutting
- paying more for less

This is the clearest and most repeated dissatisfaction driver. The evidence explicitly recommends improving **battery capacity, charging speed, thermal efficiency, and real-world battery optimization**.

### S Pen reduction is a loyalty risk
Users repeatedly complain about:
- removal of Bluetooth support
- loss of gestures and productivity features
- disappointment that the Ultra no longer feels fully differentiated

This matters because the evidence says S Pen changes have **high loyalty impact among Ultra and Note-series users**.

### Display quality and durability matter to trust
Users mention:
- privacy display as a positive differentiator
- screen durability concerns
- green-line risk
- accidental touches and protection issues

This suggests display improvements can both reduce complaints and strengthen premium perception.

### Feature removal creates a “downgrade” narrative
Several comments frame Samsung as:
- removing accessories
- removing memory card support
- removing charger
- reducing S Pen capability
- charging more for less

This is important because the complaint is not only about one feature; it is about **overall flagship value erosion**.

### Premium pricing must be justified by tangible upgrades
The evidence repeatedly shows frustration with:
- high price
- limited upgrades
- software features that may not feel exclusive
- paid AI/subscription concerns

This means Samsung needs to make the next flagship feel like a **real hardware upgrade**, not just a software refresh.

---

4. **Expected impact on customer satisfaction or profit**

### Customer satisfaction impact
**High**
- Battery improvements directly address the most frequent complaint category.
- Restoring S Pen features should improve loyalty among power users.
- Better display durability and privacy features improve trust and daily usability.
- Reducing feature removal perception should lower backlash and disappointment.

### Profit impact
**Moderate to high**
- The evidence supports using battery life, display durability, and S Pen as **premium differentiators**.
- These features can help justify flagship pricing.
- Stronger differentiation may reduce upgrade hesitation and improve willingness to pay.

### Important distinction
- **Customer satisfaction logic:** reduce frustration, restore trust, and make the phone feel complete.
- **Profit logic:** use those same improvements to defend premium pricing and protect Ultra positioning.

---

5. **Risks or trade-offs**

1. **Cost pressure**
   - Better battery, charging, and display durability may increase bill of materials and engineering complexity.

2. **Design trade-offs**
   - Larger battery or stronger protection may affect thickness, weight,","1. **What changed based on the user’s feedback**

I moved **display durability and green-line prevention into Phase 1: Immediate Priority**.

This is supported by the evidence, which shows repeated complaints about:
- screen durability
- green-line risk
- privacy display concerns
- accidental touches and screen protection

So the roadmap now treats display reliability as a **core complaint reducer**, not a later enhancement.

---

2. **Updated phased roadmap**

## Phase 1: Immediate Priority
Focus on the issues most directly tied to complaints and downgrade perception.

### 1) Battery and charging improvements
- Improve real-world battery life
- Increase charging speed
- Improve thermal efficiency
- Optimize battery performance in daily use

### 2) Display durability and green-line prevention
- Strengthen screen durability
- Reduce green-line risk
- Improve screen protection
- Refine touch behavior and accidental touch resistance

### 3) Restore core flagship trust
- Avoid removing key hardware features
- Reduce “paying more for less” sentiment
- Minimize backlash around charger/accessory removal and feature cuts

---

## Phase 2: Feature Enhancement
Use product features to improve satisfaction and strengthen differentiation.

### 1) Restore advanced S Pen functionality
- Bring back Bluetooth gestures
- Restore remote shutter
- Reintroduce productivity tools

### 2) Improve privacy and usability features
- Expand privacy display value
- Improve everyday screen usability in public settings
- Make premium display features more visible in marketing

### 3) Refine flagship value proposition
- Ensure the next flagship feels like a meaningful upgrade
- Reduce complaints that upgrades are mostly software-only

---

## Phase 3: Premium Positioning
Turn the improved hardware into a stronger premium story.

### 1) Position battery as a premium advantage
- Frame battery life and charging as productivity and gaming benefits
- Emphasize real-world endurance, not just specs

### 2) Position display durability as a trust differentiator
- Highlight screen reliability and protection
- Use green-line prevention as a quality signal

### 3) Position S Pen as an Ultra-exclusive differentiator
- Reinforce productivity value
- Protect premium pricing through unique utility

---

## Phase 4: Launch & Feedback Monitoring
Track whether the changes actually reduce complaints after launch.

### 1) Monitor complaint volume by category
- Battery/charging
- Display durability
- Green-line issues
- S Pen complaints
- “Downgrade” sentiment

### 2) Watch early user sentiment
- Review forums, social media, and support tickets
- Identify whether users perceive the phone as a true upgrade

### 3) Prepare rapid response actions
- If display issues appear, respond quickly with support and communication
- If battery complaints persist, adjust software optimization messaging
- If feature-removal backlash continues, clarify product rationale

---

3. **Evidence-based justification**

The evidence strongly supports the revised Phase 1 priority.

### Battery and charging remain the strongest complaint cluster
Multiple comments criticize:
- no battery improvement
- slow charging
- charger removal
- cost-cutting
- paying more for less

The evidence repeatedly recommends:
- better battery capacity
- faster charging
- improved thermal efficiency
- better real-world optimization

### Display durability and green-line prevention are clearly supported
The retrieved evidence includes direct complaints about:
- screen durability
- green-line risk
- privacy display
- accidental touches
- screen protection

It also explicitly recommends:
- improve display durability
- reduce green-line risk
- refine privacy display features

That makes display reliability a valid **immediate priority**, not just a secondary enhancement.

### S Pen remains a loyalty issue
Users complain about:
- removed Bluetooth support
- loss of gestures
- reduced productivity value

The evidence says this has **high loyalty impact among Ultra and Note-series users**, so it remains important in Phase 2 and Phase 3.

### The broader issue is “downgrade” perception
Many comments frame Samsung as:
- removing features
- charging more
- offering limited upgrades

That means the roadmap should address both **functional complaints** and **perceived value erosion**.

---

4. **Trade-offs or risks**

### 1) Cost and engineering complexity
Improving battery, charging, and display durability may increase:
- bill of materials
- testing requirements
- thermal design complexity

###",0.787,1.0
